restaurant,branch,review,review_date
A2B,Adyar Ananda Bhavan - A2B,"Food -is very magila
Very good performance",2026-09-25
A2B,Adyar Ananda Bhavan - A2B,Gomathi service very Nice 🙂🙂 …,2026-09-25
A2B,Adyar Ananda Bhavan - A2B,Good service Gomathi akka gee rost very tasty😋 …,2026-09-25
A2B,Adyar Ananda Bhavan - A2B,Thiyagaraj is a giving us great service,2026-09-24
A2B,Adyar Ananda Bhavan - A2B,Food was good and the service was very good but can improve the quantity.,2026-09-24
A2B,Adyar Ananda Bhavan - A2B,Very good,2026-09-24
A2B,Adyar Ananda Bhavan - A2B,Good service for Gomathi 😊very tasty food A very Clean and Hygiene l am happy for Dinner 😍 …,2026-09-24
A2B,Adyar Ananda Bhavan - A2B,"Ok but too cost of the things
Taste is good
Service is good",2026-09-23
A2B,Adyar Ananda Bhavan - A2B,Food is very tasty and quantity is woww..,2026-09-22
A2B,Adyar Ananda Bhavan - A2B,"Very good experience
Food also very good and tasty
Staff are also very friendly
Overall very good experience",2026-09-22
A2B,Adyar Ananda Bhavan - A2B,"Poor quality tea, was cold and sugar also hadn’t dissolved",2026-09-21
A2B,Adyar Ananda Bhavan - A2B,"Today I had vegetable biryani at A2B, Salem Junction. The taste was very disappointing, and I had a really bad experience. I expected much better quality and service from A2B. Overall, a very disappointing experience.",2026-09-20
A2B,Adyar Ananda Bhavan - A2B,"Pathetic service
There was no one to attend
And being a branded restaurant I just didn’t expect A2B to have such a bad …",2026-09-20
A2B,Adyar Ananda Bhavan - A2B,"Good food, prompt service, and very polite staff. The tea could be better, but overall, it’s a great place to eat and I’d definitely recommend it.",2026-09-20
A2B,Adyar Ananda Bhavan - A2B,"Daste 👌
Service(Mr.Karthikkumar)👌
Price too high …",2026-09-20
A2B,Adyar Ananda Bhavan - A2B,Sathiya good service,2026-09-19
A2B,Adyar Ananda Bhavan - A2B,Excellent service ….. Naresh service is good,2026-09-19
A2B,Adyar Ananda Bhavan - A2B,Good service by Naresh,2026-09-19
A2B,Adyar Ananda Bhavan - A2B,"I had lunch here and was so impressed with the taste and service that I came back for dinner as well. On both occasions, I was served by Annapoorani, who provided really great and attentive service. …",2026-09-19
A2B,Adyar Ananda Bhavan - A2B,Akila good service,2026-09-19
A2B,Adyar Ananda Bhavan - A2B,Excellent Food,2026-09-19
A2B,Adyar Ananda Bhavan - A2B,"Very good service Mrs .Akila, Akka",2026-09-19
A2B,Adyar Ananda Bhavan - A2B,"Akila good service, food was good. Thank you",2026-09-19
A2B,Adyar Ananda Bhavan - A2B,I had a great experience,2026-09-19
A2B,Adyar Ananda Bhavan - A2B,It's well hygiene and and the taste also superb 🤤 …,2026-09-19
A2B,Adyar Ananda Bhavan - A2B,Good,2026-09-19
A2B,Adyar Ananda Bhavan - A2B,"No stars can be given, worst service, telling lies and treating the customers badly",2026-09-19
A2B,Adyar Ananda Bhavan - A2B,Sathya and Mythili very good packing,2026-09-19
A2B,Adyar Ananda Bhavan - A2B,Sathya mam is a good character and he's speaking so genius very fast packing,2026-09-19
A2B,Adyar Ananda Bhavan - A2B,Super saarloos,2026-09-19
A2B,Adyar Ananda Bhavan - A2B,Waiter Subramanian. The service is good,2026-09-19
A2B,Adyar Ananda Bhavan - A2B,Add Some single table with 2 chairs in the future and Service done by Mr. Akil Anna was Excellent,2026-09-19
A2B,Adyar Ananda Bhavan - A2B,The name of the staff annapoorani and nandhu in packing area have doing a great job and treating the customer in humble manner,2026-09-12
A2B,Adyar Ananda Bhavan - A2B,Gomathi akka,2026-09-12
A2B,Adyar Ananda Bhavan - A2B,Sathya and Mythili very fast packing,2026-09-12
A2B,Adyar Ananda Bhavan - A2B,Good,2026-09-12
A2B,Adyar Ananda Bhavan - A2B,Good service for pavatharani,2026-09-12
A2B,Adyar Ananda Bhavan - A2B,Super 😇 …,2026-09-12
A2B,Adyar Ananda Bhavan - A2B,Super service and good food,2026-09-12
A2B,Adyar Ananda Bhavan - A2B,Good service fast service sathya & maithily,2026-09-12
A2B,Adyar Ananda Bhavan - A2B,Thanks to Sathya and Mythili for the early delivery of food,2026-09-12
A2B,Adyar Ananda Bhavan - A2B,Service and response very great and fastly done by A2B staff Mythili and Sathya,2026-09-12
A2B,Adyar Ananda Bhavan - A2B,We were attended by gomati and the service was timely.,2026-09-12
A2B,Adyar Ananda Bhavan - A2B,"Gomathi very good.... ♥️
Happy experience 👍 …",2026-09-12
A2B,Adyar Ananda Bhavan - A2B,Good for service form sathiya mythilifast packing,2026-09-12
A2B,Adyar Ananda Bhavan - A2B,Dharani good and excellent service,2026-09-12
A2B,Adyar Ananda Bhavan - A2B,Good,2026-09-12
A2B,Adyar Ananda Bhavan - A2B,Good food,2026-09-12
A2B,Adyar Ananda Bhavan - A2B,Sathya  very fast paking thanks for A2B,2026-09-12
A2B,Adyar Ananda Bhavan - A2B,Sathya she served very quickly. Thanks,2026-09-12
A2B,Aasai Aasai Anandha Bhavan Delight,"Had paper roast dosa and tea. Shoutout to our amazing server. We had a bit of a language barrier, but she was so patient and helped us figure everything out. We even shared a big laugh together! ✨",2026-09-25
A2B,Aasai Aasai Anandha Bhavan Delight,Good food they can try for new dishes as well.,2026-09-25
A2B,Aasai Aasai Anandha Bhavan Delight,"Amazing masala ghee dosa! If you're on your way to kodaikanal from bangalore, this is a must stop breakfast spot",2026-09-24
A2B,Aasai Aasai Anandha Bhavan Delight,Taste not that great for the price,2026-09-23
A2B,Aasai Aasai Anandha Bhavan Delight,Mainly Bangalore -Kerala or reverse travelling long route buses are stopping here …,2026-09-22
A2B,Aasai Aasai Anandha Bhavan Delight,We landed up at 6 am and the waitress didnt show any interest to serve us. Seems she had a bad day. Waitress attending the table seemed rude and uninterested in work. We walked away. High time the owner of the restaurant kick off such rude workers amd employ good hard working employees.,2026-09-21
A2B,Aasai Aasai Anandha Bhavan Delight,Ok,2026-09-20
A2B,Aasai Aasai Anandha Bhavan Delight,We got shifted from AC family restaurant to non ac saying that there is no waiters. Very Rude response by waiters,2026-09-19
A2B,Aasai Aasai Anandha Bhavan Delight,Very fast service. Good ambience and taste as well,2026-09-19
A2B,Aasai Aasai Anandha Bhavan Delight,"Had masala dosa from here and it was really tasty. The dosa was crispy, flavourful and very well prepared. It was served with three sides, including two different chutneys and sambar. The chutneys were fantastic and went really well with …",2026-09-19
A2B,Aasai Aasai Anandha Bhavan Delight,Taste & Quality wise good,2026-09-19
A2B,Aasai Aasai Anandha Bhavan Delight,Food was pricey and quality is not that great,2026-09-19
A2B,Aasai Aasai Anandha Bhavan Delight,Food okay. Service nice.,2026-09-19
A2B,Aasai Aasai Anandha Bhavan Delight,"I had a wonderful experience here! The Masala dosa was delicious 😋, and the coffee was great too. Service was excellent, and I appreciated the little shops inside. Nice atmosphere overall. ☕🛍️🚽 …",2026-09-19
A2B,Aasai Aasai Anandha Bhavan Delight,Filthy unhygienic toilets and people serving food,2026-09-19
A2B,Aasai Aasai Anandha Bhavan Delight,"Staff behaviour worst and very delay food service.and They say that no matter what meal you order, it will be late.",2026-09-12
A2B,Aasai Aasai Anandha Bhavan Delight,"Visited this restaurant yesterday. Overall, it was okay, but when compared with the similar restaurant across the road, this place felt a bit smaller. …",2026-09-12
A2B,Aasai Aasai Anandha Bhavan Delight,"Neat and clean atmosphere
Bathroom cleaning and maintenance was great",2026-09-12
A2B,Aasai Aasai Anandha Bhavan Delight,A good one for tiffen items rather than rice items,2026-09-12
A2B,Aasai Aasai Anandha Bhavan Delight,Breakfast dosa wada taste was good but Service was not Good waiter don't inform about Food Quantity just for sale n Tips want to sale not happy,2026-09-12
A2B,Aasai Aasai Anandha Bhavan Delight,Pathetic service. Servers ges annoyed for everything.,2026-09-12
A2B,Aasai Aasai Anandha Bhavan Delight,Very reasonable pricing for the food. It's also good in terms of taste,2026-09-12
A2B,Aasai Aasai Anandha Bhavan Delight,Prices are reasonable and taste also good,2026-09-12
A2B,Aasai Aasai Anandha Bhavan Delight,Good to go,2026-09-12
A2B,Aasai Aasai Anandha Bhavan Delight,tastes good…,2026-09-05
A2B,Aasai Aasai Anandha Bhavan Delight,Very calm and clean restaurant......food is very delicious....staffs are friendly.....all vegetarian dishes are available here.....toilets are very neat and clean.....lot of place for parking....ac and non AC seats are available.....,2026-09-05
A2B,Aasai Aasai Anandha Bhavan Delight,"Food was below average but pricing was as original A2B , Better to avoid this place",2026-09-05
A2B,Aasai Aasai Anandha Bhavan Delight,"Don't even deserve 1 star, poor service. Not sure how they run with the Anandha Bhavan name.",2026-09-05
A2B,Aasai Aasai Anandha Bhavan Delight,Food was good especially pongal and onion utappam. Didn’t like the coffee though.,2026-09-05
A2B,Aasai Aasai Anandha Bhavan Delight,"Average food, but takes a long time to be served. Service is very slow especially if your order is dosa. On long journey this stop will cost you a lot of time.",2026-08-29
A2B,Aasai Aasai Anandha Bhavan Delight,"One of the worst food taste ever experienced
For this cost its not worth it especially dosa and poori are worst taste for this price a2d way better",2026-08-29
A2B,Aasai Aasai Anandha Bhavan Delight,"The behaviour of the hotel staff was extremely rude and disappointing. They behaved as though we were eating for free, and the lady sitting at the counter was particularly careless and disrespectful towards customers. The overall attitude …",2026-08-29
A2B,Aasai Aasai Anandha Bhavan Delight,Do not stop here . They are extremely rude towards customers. They do not have a little bit sense of hospitality. Very very very rude. I just asked for a fresh banana leaf and a lady started shouting on me . Even the management backed her. I pretty much,2026-08-29
A2B,Aasai Aasai Anandha Bhavan Delight,"Good food, very spacious and clean atmosphere",2026-08-27
A2B,Aasai Aasai Anandha Bhavan Delight,"My regular pit stop, nice place and the food is good too.",2026-08-27
A2B,Aasai Aasai Anandha Bhavan Delight,"We stop at ABD every single time we drive down from Bangalore to Kochi, and it has never let us down. It's become our regular breakfast spot on that route. …",2026-08-27
A2B,Aasai Aasai Anandha Bhavan Delight,Service not good. Wrong bills being given. Service needs to be improved as multiple persons are taking orders.,2026-08-27
A2B,Aasai Aasai Anandha Bhavan Delight,Great places,2026-08-27
A2B,Aasai Aasai Anandha Bhavan Delight,Nice place for a pit stop on the highway,2026-08-27
A2B,Aasai Aasai Anandha Bhavan Delight,"Food taste is good but toilet is old and not that clean, overall good restaurant.",2026-08-27
A2B,Aasai Aasai Anandha Bhavan Delight,Service very bade,2026-08-27
A2B,Aasai Aasai Anandha Bhavan Delight,Good space on highway if u want to have food run by few women. Good clean toilets space,2026-08-27
A2B,Aasai Aasai Anandha Bhavan Delight,"Must read guys.If i had an option to put 0.1 that would be great.
🚨 WORST DINING EXPERIENCE EVER — 1/5 ⭐ …",2026-08-27
A2B,Aasai Aasai Anandha Bhavan Delight,"Title: Extremely Disappointing & Raises Serious Questions

This was one of the worst dining experiences I’ve had, and the entire incident …",2026-08-27
A2B,Aasai Aasai Anandha Bhavan Delight,Recommend,2026-08-27
A2B,Aasai Aasai Anandha Bhavan Delight,Too costly : 1 banana cost me ₹20.,2026-08-27
A2B,Aasai Aasai Anandha Bhavan Delight,TOO BAD TO CLAIM THE NAME OF THE RESTAURANT.,2026-08-27
A2B,Aasai Aasai Anandha Bhavan Delight,The food was bad and items on the menu was limited at 10 in the morning. The taste of the food was also okay for being the prime area. The worst part is the restrooms it was so disgusting to even enter and the person who is in charge is asking for money despite being unclean,2026-08-27
A2B,Aasai Aasai Anandha Bhavan Delight,Bad service.,2026-08-27
A2B,Aasai Aasai Anandha Bhavan Delight,"Worst experience ,
Had dosa and idli which is not at all nice and the dosa which is in roadside is better than this …",2026-08-27
A2B,Adyar Ananda Bhavan - A2B,Excellent service and awesome taste,2026-09-25
A2B,Adyar Ananda Bhavan - A2B,The server Mrs. Bhuvaneshwari's service was too good. She attended us very nicely. We had very good experience and food here was excellent..,2026-09-24
A2B,Adyar Ananda Bhavan - A2B,"used to have breakfast or dinner here sometimes while going to the office, and I’ve always had a good experience. The food is good, and the service is excellent. The staff are very kind and welcoming. Special mention to Ponmani akka and Bhuvaneshwari akka for their warm and friendly service. ❤️",2026-09-24
A2B,Adyar Ananda Bhavan - A2B,Good service and nice veg food,2026-09-24
A2B,Adyar Ananda Bhavan - A2B,One of Good food for that area,2026-09-24
A2B,Adyar Ananda Bhavan - A2B,Service was good and sales woman usha was customer friendly!,2026-09-23
A2B,Adyar Ananda Bhavan - A2B,Fantastic service in my table serving Mrs.Uma,2026-09-23
A2B,Adyar Ananda Bhavan - A2B,Usha chechi did a very good service,2026-09-22
A2B,Adyar Ananda Bhavan - A2B,Good,2026-09-22
A2B,Adyar Ananda Bhavan - A2B,Good food,2026-09-22
A2B,Adyar Ananda Bhavan - A2B,Enjoyed food,2026-09-21
A2B,Adyar Ananda Bhavan - A2B,Usha veery good servies a 2 b is excelent menu very good taste,2026-09-21
A2B,Adyar Ananda Bhavan - A2B,Service was gud ..staff usha managed well for in service,2026-09-21
A2B,Adyar Ananda Bhavan - A2B,Good service,2026-09-21
A2B,Adyar Ananda Bhavan - A2B,Very tasty,2026-09-20
A2B,Adyar Ananda Bhavan - A2B,"Good service M,Ponnammal",2026-09-20
A2B,Adyar Ananda Bhavan - A2B,"Meals was ready at 12.30, i was waiting from 12.15 but for table the meals has been given and for parcel though it was 1 meals it was been taken carelessely and they said billing has some issue, i think this was not a good manner of providing service.",2026-09-20
A2B,Adyar Ananda Bhavan - A2B,Food and service is top quality,2026-09-20
A2B,Adyar Ananda Bhavan - A2B,M ponnammal the service is good,2026-09-20
A2B,Adyar Ananda Bhavan - A2B,nice yummy to eat M.Ponnammal,2026-09-20
A2B,Adyar Ananda Bhavan - A2B,Nice,2026-09-20
A2B,Adyar Ananda Bhavan - A2B,Food was not good,2026-09-19
A2B,Adyar Ananda Bhavan - A2B,"Niyuktha malhar. I ate thairusadham.
M ponnammal",2026-09-19
A2B,Adyar Ananda Bhavan - A2B,"Great 👍
M.ponnammal
Great 👍 …",2026-09-19
A2B,Adyar Ananda Bhavan - A2B,"We visited Adyar Ananda Bhavan during our Coimbatore trip. The service was super fast and the food tasted authentic. Their fresh sweet lime (mosambi) juice was my favourite! We also tried their sweets, which were really good. …",2026-09-19
A2B,Adyar Ananda Bhavan - A2B,All are looks like very good with hospitality also by Mrs.Ponnammal sister.,2026-09-19
A2B,Adyar Ananda Bhavan - A2B,Preffer some tables to accomodatefamily having morethan 5-6 members.,2026-09-19
A2B,Adyar Ananda Bhavan - A2B,"Good and friendly service provided by Mrs m ponnammal. Assets to AB.
Keep it up",2026-09-19
A2B,Adyar Ananda Bhavan - A2B,Shylaja and team: Thanks for the service.,2026-09-19
A2B,Adyar Ananda Bhavan - A2B,"First class food, super taste,First class quality food,",2026-09-19
A2B,Adyar Ananda Bhavan - A2B,Good,2026-09-19
A2B,Adyar Ananda Bhavan - A2B,Great place and very good staffs. The service is outstanding,2026-09-19
A2B,Adyar Ananda Bhavan - A2B,Good service,2026-09-19
A2B,Adyar Ananda Bhavan - A2B,Mini tiffin - Nice!...Clean and Tasty. Service was good. A big shout out to M.Ponnammal. Thank you!,2026-09-19
A2B,Adyar Ananda Bhavan - A2B,"Good food and ambience
Best service from server ponnammal",2026-09-19
A2B,Adyar Ananda Bhavan - A2B,Good service  nice food m.ponnammal,2026-09-19
A2B,Adyar Ananda Bhavan - A2B,Good,2026-09-12
A2B,Adyar Ananda Bhavan - A2B,Good and tasty food everyone should come and experience this food,2026-09-12
A2B,Adyar Ananda Bhavan - A2B,"Very very so
good",2026-09-12
A2B,Adyar Ananda Bhavan - A2B,"M ponnamal
Service is good ✨
Rasamalai sweet is good",2026-09-12
A2B,Adyar Ananda Bhavan - A2B,Good service  m.ponnnammal,2026-09-12
A2B,Adyar Ananda Bhavan - A2B,"Onion pakkada is very poor.
Not standard for A2B",2026-09-12
A2B,Adyar Ananda Bhavan - A2B,The services of Bhuvaneswari Madam was very good.,2026-09-12
A2B,Adyar Ananda Bhavan - A2B,"Lovely food, great service. Special thanks to Ms Bhuvaneshwari :)",2026-09-12
A2B,Adyar Ananda Bhavan - A2B,Good morning,2026-09-12
A2B,Adyar Ananda Bhavan - A2B,Very good👌👌 …,2026-09-12
A2B,Adyar Ananda Bhavan - A2B,Excellent service n hospitality by Bhuvaneswari,2026-09-12
A2B,Adyar Ananda Bhavan - A2B,Very good buvaneshwari,2026-09-12
A2B,Adyar Ananda Bhavan - A2B,Bhuvaneswari is an excellent service provider,2026-09-12
A2B,Adyar Ananda Bhavan - A2B,"Very kind service
Nice to meet Mrs.Shylaja mam. She will take care entire team members. Thank you",2026-09-12
A2B,Adyar Ananda Bhavan - A2B,Food quality and taste was good but when comparing with the price the quantity of the food is very less for what they are charging.,2026-09-19
A2B,Adyar Ananda Bhavan - A2B,Would’ve liked it better if mini tiffin included coffee/tea which seems to the norm in most other restaurants. Service was excellent.,2026-09-12
A2B,Adyar Ananda Bhavan - A2B,"I went to purchase dry fruit laddus, but unfortunately, they were not good. It seems they add coconut to the laddus, and the ones I purchased tasted stale and seemed spoiled. Very disappointing experience.",2026-09-12
A2B,Adyar Ananda Bhavan - A2B,"I had breakfast from here, the Ghee Podi Idly, which was good. However, after making the payment, they told me I couldn't sit there and had to go outside, which I felt was really bad. We weren't just eating and leaving; we wanted to spend some time sitting there before departing.",2026-09-12
A2B,Adyar Ananda Bhavan - A2B,"My recent visit to A2B, Mylapore, was quite disappointing. While I have always associated A2B with good food and quality service, my experience this time was affected by the way I was treated by Ms. Janani. …",2026-09-12
A2B,Adyar Ananda Bhavan - A2B,The ghee roast had no traces of ghee it was dry no smell of ghee even. There is no washroom,2026-09-05
A2B,Adyar Ananda Bhavan - A2B,Worst A2B ever I seen,2026-09-05
A2B,Adyar Ananda Bhavan - A2B,A2B is selling stale and contaminated foods over online by luring customers with hefty discounts,2026-09-05
A2B,Adyar Ananda Bhavan - A2B,Worst service. When u take a look in the menu . Waiter will come and take ur menu card to give to other customer. We have to order win 1min from the given menu card. They will not refill the handwash..O yes lots of mosquitos also think we have to bring goodnight along when visiting this hotel,2026-09-05
A2B,Adyar Ananda Bhavan - A2B,"Dish very good.
Thanks to Deependru Kumar Captain, Anandu Kumar, Prabavatti, Chef Opendar",2026-08-27
A2B,Adyar Ananda Bhavan - A2B,Poor Aircondition,2026-08-27
A2B,Adyar Ananda Bhavan - A2B,"Overall good.

Fresh lime soda was the best.",2026-08-27
A2B,Adyar Ananda Bhavan - A2B,Very nice hotel,2026-08-27
A2B,Adyar Ananda Bhavan - A2B,wonderful ambience we fill spl with your product thank you,2026-08-27
A2B,Adyar Ananda Bhavan - A2B,Good atmosphere and very tasty food with reasonable cost.,2026-08-27
A2B,Adyar Ananda Bhavan - A2B,"“Excellent table service! The service was very polite, friendly and attentive. Deepak handled the table service professionally and made sure everything was served properly and on time. Great service and a pleasant experience!” 🙌✨ …",2026-09-25
A2B,Adyar Ananda Bhavan - A2B,Jansi rani provided good service,2026-09-25
A2B,Adyar Ananda Bhavan - A2B,"We have been visiting this hotel for several years and the food has always been excellent. This is my first time writing a review, and I felt to do so because of the outstanding service by Mr. Leo. He guided us in food selection so smoothly …",2026-09-25
A2B,Adyar Ananda Bhavan - A2B,Online order very good service lakshmi akka,2026-09-25
A2B,Adyar Ananda Bhavan - A2B,Elavarasi,2026-09-25
A2B,Adyar Ananda Bhavan - A2B,Great service. Satisfied,2026-09-25
A2B,Adyar Ananda Bhavan - A2B,Very good service,2026-09-25
A2B,Adyar Ananda Bhavan - A2B,Food was good and service was perfectly done by Santhosh,2026-09-25
A2B,Adyar Ananda Bhavan - A2B,Ambika,2026-09-25
A2B,Adyar Ananda Bhavan - A2B,nice service.....staff ambika served food in a polite way..!!,2026-09-25
A2B,Adyar Ananda Bhavan - A2B,Elavarasi,2026-09-25
A2B,Adyar Ananda Bhavan - A2B,Elavarasi,2026-09-25
A2B,Adyar Ananda Bhavan - A2B,Elavarasi.....,2026-09-25
A2B,Adyar Ananda Bhavan - A2B,Elavarsi is a very kind and nice staff. It made the experience even better,2026-09-25
A2B,Adyar Ananda Bhavan - A2B,Ilavarasi is amazing! Very kind and attentive. Great food.,2026-09-25
A2B,Adyar Ananda Bhavan - A2B,Ilavarasi serviced with a smile and was very welcoming,2026-09-25
A2B,Adyar Ananda Bhavan - A2B,Good service,2026-09-25
A2B,Adyar Ananda Bhavan - A2B,Yuvaraj dinesh very good service,2026-09-25
A2B,Adyar Ananda Bhavan - A2B,Jancy Rani,2026-09-24
A2B,Adyar Ananda Bhavan - A2B,Elavarasi jansi service is good and prompt. Food is of good quality,2026-09-24
A2B,Adyar Ananda Bhavan - A2B,Good service by rasukutty,2026-09-24
A2B,Adyar Ananda Bhavan - A2B,Rasukutty,2026-09-23
A2B,Adyar Ananda Bhavan - A2B,"Server santhosh gud serving
Tnq",2026-09-23
A2B,Adyar Ananda Bhavan - A2B,Jansirani her service and receiving was excellent and satisfied one .,2026-09-23
A2B,Adyar Ananda Bhavan - A2B,Jansirani service is excellent,2026-09-23
A2B,Adyar Ananda Bhavan - A2B,"Jansirani, illavarasi

Super performances",2026-09-23
A2B,Adyar Ananda Bhavan - A2B,Waiter santhosh provided gentle and kind service,2026-09-23
A2B,Adyar Ananda Bhavan - A2B,Service good,2026-09-21
A2B,Adyar Ananda Bhavan - A2B,Rasukutty,2026-09-21
A2B,Adyar Ananda Bhavan - A2B,Santosh,2026-09-20
A2B,Adyar Ananda Bhavan - A2B,"Dinesh, good serving & patience",2026-09-20
A2B,Adyar Ananda Bhavan - A2B,Dinesh,2026-09-20
A2B,Adyar Ananda Bhavan - A2B,Good,2026-09-20
A2B,Adyar Ananda Bhavan - A2B,Ambika was good service,2026-09-20
A2B,Adyar Ananda Bhavan - A2B,Jhansirani,2026-09-20
A2B,Adyar Ananda Bhavan - A2B,Nice 👍🏼 …,2026-09-20
A2B,Adyar Ananda Bhavan - A2B,"Ambika , Food Is Good",2026-09-20
A2B,Adyar Ananda Bhavan - A2B,Online order very good service lakshmi,2026-09-20
A2B,Adyar Ananda Bhavan - A2B,Online order very good service lakshmi akka,2026-09-20
A2B,Adyar Ananda Bhavan - A2B,Ambika sister service fantastic 😊 …,2026-09-19
A2B,Adyar Ananda Bhavan - A2B,Ambiha service are very good,2026-09-19
A2B,Adyar Ananda Bhavan - A2B,Jhansirani,2026-09-19
A2B,Adyar Ananda Bhavan - A2B,Jansi Rani Karke is the lady waiter and their food service is excellent. Love it A2B at TRICHY.,2026-09-19
A2B,Adyar Ananda Bhavan - A2B,Jansirani good service,2026-09-19
A2B,Adyar Ananda Bhavan - A2B,"Vijay
Leo …",2026-09-19
A2B,Adyar Ananda Bhavan - A2B,Jhansi rani - very good service,2026-09-19
A2B,Adyar Ananda Bhavan - A2B,Lost my money,2026-09-19
A2B,Adyar Ananda Bhavan - A2B,Rasukutty was so patient while serving. Overall good service,2026-09-19
A2B,Adyar Ananda Bhavan - A2B,Rasukutty service is good,2026-09-19
A2B,Adyar Ananda Bhavan - A2B,All good,2026-09-19
A2B,Adyar Ananda Bhavan - A2B,Malles and sonia good staff's. Nice food,2026-09-25
A2B,Adyar Ananda Bhavan - A2B,Kavitha service was excellent,2026-09-25
A2B,Adyar Ananda Bhavan - A2B,Waiter Name - Anadhi,2026-09-25
A2B,Adyar Ananda Bhavan - A2B,The waiter named Ragupathy served me and my family a very good meal with pleasure which made us to enjoy the meal with my family,2026-09-25
A2B,Adyar Ananda Bhavan - A2B,Good service in captan mallesh,2026-09-25
A2B,Adyar Ananda Bhavan - A2B,Raghupati good service,2026-09-25
A2B,Adyar Ananda Bhavan - A2B,Rahu pathi I good service,2026-09-25
A2B,Adyar Ananda Bhavan - A2B,Good service by waiter Kavitha,2026-09-25
A2B,Adyar Ananda Bhavan - A2B,Captain Mallesh,2026-09-25
A2B,Adyar Ananda Bhavan - A2B,Food is good and service is prompt. The waiter Anandi was very receptive and quick in delivering our orders.,2026-09-25
A2B,Adyar Ananda Bhavan - A2B,Ghee roast super malles. Goodservice,2026-09-25
A2B,Adyar Ananda Bhavan - A2B,Subramaniam,2026-09-25
A2B,Adyar Ananda Bhavan - A2B,Very good sarvice supramani,2026-09-25
A2B,Adyar Ananda Bhavan - A2B,Very nice good service for captan mallesh,2026-09-25
A2B,Adyar Ananda Bhavan - A2B,Sangeetha good service,2026-09-25
A2B,Adyar Ananda Bhavan - A2B,Sangeetha,2026-09-25
A2B,Adyar Ananda Bhavan - A2B,Kavitha good responsibility for customer....,2026-09-25
A2B,Adyar Ananda Bhavan - A2B,Madhaiyan good work,2026-09-25
A2B,Adyar Ananda Bhavan - A2B,"Sangeetha
Good service",2026-09-25
A2B,Adyar Ananda Bhavan - A2B,Sangeetha good service 👍 …,2026-09-25
A2B,Adyar Ananda Bhavan - A2B,Sangeetha Waiter service good,2026-09-25
A2B,Adyar Ananda Bhavan - A2B,Good morning,2026-09-25
A2B,Adyar Ananda Bhavan - A2B,Captain Madhaiyan,2026-09-25
A2B,Adyar Ananda Bhavan - A2B,Captain madhaiyan - Good Service,2026-09-25
A2B,Adyar Ananda Bhavan - A2B,Captain Mlesh good service,2026-09-24
A2B,Adyar Ananda Bhavan - A2B,Selvi weiter was serving good and food also good 😊 …,2026-09-24
A2B,Adyar Ananda Bhavan - A2B,Good service by Captain Malesh …,2026-09-24
A2B,Adyar Ananda Bhavan - A2B,Subramani good service,2026-09-24
A2B,Adyar Ananda Bhavan - A2B,Good service by Captain malaise,2026-09-24
A2B,Adyar Ananda Bhavan - A2B,Captain malesh good service,2026-09-24
A2B,Adyar Ananda Bhavan - A2B,Service from Captain Mallesh was 👍 …,2026-09-24
A2B,Adyar Ananda Bhavan - A2B,Captain Malles service is good,2026-09-24
A2B,Adyar Ananda Bhavan - A2B,Madhayan good service,2026-09-24
A2B,Adyar Ananda Bhavan - A2B,Good,2026-09-24
A2B,Adyar Ananda Bhavan - A2B,Kavitha,2026-09-24
A2B,Adyar Ananda Bhavan - A2B,Excellent service by Mr Raghupathy,2026-09-24
A2B,Adyar Ananda Bhavan - A2B,"Captain mallesh , good service",2026-09-24
A2B,Adyar Ananda Bhavan - A2B,Captain Malesh is very polite and good,2026-09-24
A2B,Adyar Ananda Bhavan - A2B,"Had a really good dining experience! The food was fresh, flavorful, and nicely presented. The taste was satisfying, the portions were good, and the overall atmosphere was pleasant.",2026-09-24
A2B,Adyar Ananda Bhavan - A2B,Nice service with caption Mr.mallesh,2026-09-24
A2B,Adyar Ananda Bhavan - A2B,Capton Mallesh,2026-09-24
A2B,Adyar Ananda Bhavan - A2B,Good service,2026-09-24
A2B,Adyar Ananda Bhavan - A2B,Mrs. Ambiga Service and Hospitality is very nice.,2026-09-24
A2B,Adyar Ananda Bhavan - A2B,Captan Mallesh served good,2026-09-24
A2B,Adyar Ananda Bhavan - A2B,Aananthi good service,2026-09-24
A2B,Adyar Ananda Bhavan - A2B,"We had our breakfast at thoppur branch A2B it was really good and manikandan anna service was really fast and good
He was so polite and friendly to check on what we need",2026-09-24
A2B,Adyar Ananda Bhavan - A2B,Karthi waiter Service was good,2026-09-24
A2B,Adyar Ananda Bhavan - A2B,Food is good.Good service by nalini,2026-09-24
A2B,Adyar Ananda Bhavan - A2B,Sneha,2026-09-24
A2B,Adyar Ananda Bhavan - A2B,Good service for Gayathri...,2026-09-24
A2B,Adyar Ananda Bhavan - A2B,Malika,2026-09-24
A2B,Adyar Ananda Bhavan - A2B,Malliga good service,2026-09-22
A2B,Adyar Ananda Bhavan - A2B,"Awesome service by staff
sri Mallika",2026-09-22
A2B,Adyar Ananda Bhavan - A2B,"Iam the regular customer of your A2B,scince biggening of the restaurant,  all the items are delicious and also the staff.
Particularly the women staff malliga, she approaching the customers very kind …",2026-09-22
A2B,Adyar Ananda Bhavan - A2B,Very good,2026-09-20
A2B,Adyar Ananda Bhavan - A2B,Mallika,2026-09-20
A2B,Adyar Ananda Bhavan - A2B,Jerald good customer service,2026-09-19
A2B,Adyar Ananda Bhavan - A2B,Food taste very nice.. service and care top level... especially supervising staff smt.mallika very good in monitoring and care with customer,2026-09-19
A2B,Adyar Ananda Bhavan - A2B,Which is like good,2026-09-19
A2B,Adyar Ananda Bhavan - A2B,200 per peson,2026-09-19
A2B,Adyar Ananda Bhavan - A2B,Food was good and service by Suresh was pleasant,2026-09-12
A2B,Adyar Ananda Bhavan - A2B,Jerald,2026-09-12
A2B,Adyar Ananda Bhavan - A2B,Saraswathi good service,2026-09-12
A2B,Adyar Ananda Bhavan - A2B,Mr Suresh was our waiter today and he was well trained and took good care of the customers. Good experience. Food was also very tasty,2026-09-12
A2B,Adyar Ananda Bhavan - A2B,Worst service ever,2026-09-12
A2B,Adyar Ananda Bhavan - A2B,"Very good, please.",2026-09-12
A2B,Adyar Ananda Bhavan - A2B,Malliga nice,2026-09-12
A2B,Adyar Ananda Bhavan - A2B,Mallika good services,2026-09-12
A2B,Adyar Ananda Bhavan - A2B,Good atmosphere neat and clean  saraswathy mam was very helpful ful for customer,2026-09-12
A2B,Adyar Ananda Bhavan - A2B,Malaika,2026-09-12
A2B,Adyar Ananda Bhavan - A2B,Suresh was excellent in serving,2026-09-12
A2B,Adyar Ananda Bhavan - A2B,Excellent customer service..appreciation to staff saraswathy,2026-09-12
A2B,Adyar Ananda Bhavan - A2B,Ms. Mallika gives good food for us from A2B Veg Restaurant. Highly recommended👍. …,2026-09-12
A2B,Adyar Ananda Bhavan - A2B,I appreciate Saraswathi mdm service towards customer...Overall nice experience at A2B,2026-09-12
A2B,Adyar Ananda Bhavan - A2B,"Had nice experience with Mr Suresh..
Good service keep it up",2026-09-12
A2B,Adyar Ananda Bhavan - A2B,"We had eat mini meal at a2b..chappathi was verysoft .then that service and approach of mr.manimaran were also excellent and good.. particularly food was hot till 2.30pm ..nice
Wonderful teamwork.",2026-09-12
A2B,Adyar Ananda Bhavan - A2B,"We had a mini meal at A2B, and the tamarind rice was absolutely amazing! 😋 We had it around 2:30 PM, and it was still hot and tasted really delicious. The service and approach of Mr. Manivannan were also excellent and very pleasant.
Thank you, A2B, for the wonderful food and service! ❤️ …",2026-09-12
A2B,Adyar Ananda Bhavan - A2B,Very good staff,2026-09-12
A2B,Adyar Ananda Bhavan - A2B,Good food . Service by malika,2026-09-12
A2B,Adyar Ananda Bhavan - A2B,MALLIGHA,2026-09-12
A2B,Adyar Ananda Bhavan - A2B,Malliga - Good service,2026-09-12
A2B,Adyar Ananda Bhavan - A2B,Mallika Akkas service was excellent,2026-09-12
A2B,Adyar Ananda Bhavan - A2B,Foods are 😊 …,2026-09-12
A2B,Adyar Ananda Bhavan - A2B,"Nallendiran
Good service",2026-09-12
A2B,Adyar Ananda Bhavan - A2B,"sweets is very sweet.
Saraswathi",2026-09-12
A2B,Adyar Ananda Bhavan - A2B,Saraswathi madam served with good service.,2026-09-12
A2B,Adyar Ananda Bhavan - A2B,Sarashwathi is good service,2026-09-12
A2B,Adyar Ananda Bhavan - A2B,"Sweet always very good
Saraswathi",2026-09-05
A2B,Adyar Ananda Bhavan - A2B,"Everything was good, fast service, taste was really good and nallendiren, suresh server was really nice",2026-09-05
A2B,Adyar Ananda Bhavan - A2B,"Food is very good
Vasugi",2026-09-05
A2B,Adyar Ananda Bhavan - A2B,Vasuki,2026-09-05
A2B,Adyar Ananda Bhavan - A2B,Prashanth did a great job,2026-09-05
A2B,Adyar Ananda Bhavan - A2B,Vasuki,2026-09-05
A2B,Adyar Ananda Bhavan - A2B,Malliga sister is a very good atentar and humble and goo service.she is  very honarable perso,2026-09-05
A2B,Adyar Ananda Bhavan - A2B,Vasuki,2026-09-05
A2B,Adyar Ananda Bhavan - A2B,Always food and service is good,2026-09-05
A2B,Adyar Ananda Bhavan - A2B,"Mallika mam,
Good",2026-09-05
A2B,Adyar Ananda Bhavan - A2B,Really good! Mallikà /j’étal are really Kind!,2026-09-05
A2B,Adyar Ananda Bhavan - A2B,"It was a warmful experience
Malika the manager was greating with a warm smile felt like home 🏠
Bery nive food and service highly recommended …",2026-09-05
A2B,Adyar Ananda Bhavan - A2B,Good service by Malliga,2026-08-29
A2B,Adyar Ananda Bhavan - A2B,"South Indian food good
Service good R.raja",2026-09-25
A2B,Adyar Ananda Bhavan - A2B,Meena good service,2026-09-25
A2B,Adyar Ananda Bhavan - A2B,"Had a great dining experience! The food was delicious and the service was excellent. The staff Mr.M.Raja was very friendly, attentive, and welcoming.",2026-09-25
A2B,Adyar Ananda Bhavan - A2B,Soundarya,2026-09-25
A2B,Adyar Ananda Bhavan - A2B,Good food and service,2026-09-25
A2B,Adyar Ananda Bhavan - A2B,great place for a break on the highway. Prema was very helpful and attentive.,2026-09-25
A2B,Adyar Ananda Bhavan - A2B,Girija good service nice approach,2026-09-25
A2B,Adyar Ananda Bhavan - A2B,Sowndharya service very so nice so good,2026-09-25
A2B,Adyar Ananda Bhavan - A2B,"Great food, prema was very helpful!",2026-09-25
A2B,Adyar Ananda Bhavan - A2B,"I had lunch at A2B, and the service was excellent. Selvarasi provided very good service and was very courteous and attentive.",2026-09-25
A2B,Adyar Ananda Bhavan - A2B,"Superb good 👍🏽
Super service 👌🏽💐 …",2026-09-25
A2B,Adyar Ananda Bhavan - A2B,Sundar,2026-09-25
A2B,Adyar Ananda Bhavan - A2B,Service of  GIRIJA Madam is excellent,2026-09-25
A2B,Adyar Ananda Bhavan - A2B,Selvarasi was wonder with the service,2026-09-25
A2B,Adyar Ananda Bhavan - A2B,All good for a pleasant break fast during long travel. Serviced by soundharya,2026-09-25
A2B,Adyar Ananda Bhavan - A2B,"Ms Girija and her team tried their best to deliver the food
May be due to crowd there was a delay in some of the items
Over all good",2026-09-25
A2B,Adyar Ananda Bhavan - A2B,Giri’s service was good,2026-09-25
A2B,Adyar Ananda Bhavan - A2B,"Good for family dining.
Good dining service from soundharya",2026-09-25
A2B,Adyar Ananda Bhavan - A2B,Taste wise avarage...but rate very expensive.....,2026-09-25
A2B,Adyar Ananda Bhavan - A2B,"Very much satisfied with food and hygiene, mr. m. Raja have served us very well with patience and hospitality",2026-09-25
A2B,Adyar Ananda Bhavan - A2B,Mr. Raja gave wonderful service thanks to him👏👍👌💥💐 …,2026-09-24
A2B,Adyar Ananda Bhavan - A2B,Priya:Very fast and dynamic service.Very amiable approach.Best wishes to Miss.Priya,2026-09-24
A2B,Adyar Ananda Bhavan - A2B,Selva Rasi,2026-09-24
A2B,Adyar Ananda Bhavan - A2B,M Raja good service,2026-09-24
A2B,Adyar Ananda Bhavan - A2B,M Raja serves God 👍 …,2026-09-24
A2B,Adyar Ananda Bhavan - A2B,Girija  very good service,2026-09-24
A2B,Adyar Ananda Bhavan - A2B,Meena good s,2026-09-24
A2B,Adyar Ananda Bhavan - A2B,Energetic work from Mrs. Selvarasi,2026-09-24
A2B,Adyar Ananda Bhavan - A2B,"⭐⭐⭐⭐⭐

Had a wonderful experience here! ❤️ The food was really delicious, fresh and …",2026-09-24
A2B,Adyar Ananda Bhavan - A2B,"Priya ,serivce is good",2026-09-24
A2B,Adyar Ananda Bhavan - A2B,Good service but houseflies annoyed me,2026-09-23
A2B,Adyar Ananda Bhavan - A2B,Overall nice. Food and ambience was totally good. Mr. Raja treated as well and served well,2026-09-23
A2B,Adyar Ananda Bhavan - A2B,Hospitality of Mr. Raja is highly appreciable.,2026-09-23
A2B,Adyar Ananda Bhavan - A2B,M.Raja serves good,2026-09-23
A2B,Adyar Ananda Bhavan - A2B,R. Raja's service was awesome.,2026-09-23
A2B,Adyar Ananda Bhavan - A2B,R.Raja good service,2026-09-23
A2B,Adyar Ananda Bhavan - A2B,"As guy from Telugu states , I felt like food is from from my home town. Especially service person Sharanya is very good and ambient and respectful.
Final feedback is awesome.",2026-09-23
A2B,Adyar Ananda Bhavan - A2B,Meena 👍👍👍👍 …,2026-09-23
A2B,Adyar Ananda Bhavan - A2B,Had lunch here south indian meals and service by soundarya was good.,2026-09-23
A2B,Adyar Ananda Bhavan - A2B,M Raja service is good.,2026-09-23
A2B,Adyar Ananda Bhavan - A2B,"Food taste is very Good
Name (Soundhariya) for providing exceptional table service and contributing to a positive dining experience.",2026-09-23
A2B,Adyar Ananda Bhavan - A2B,Soundarya is good.,2026-09-23
A2B,Adyar Ananda Bhavan - A2B,Soundarya Good,2026-09-23
A2B,Adyar Ananda Bhavan - A2B,The hotel located near Bharat petroleum with CNG option. Try out the snacks in the evening time. Especially poorana kolukattai.! Very tasty.!,2026-09-23
A2B,Adyar Ananda Bhavan - A2B,I m very much delighted to say food is good after a 3 hrs ride I choose this hotel for bf. And sowdharika servicing is vgoid. Hope to continue will passing .,2026-09-23
A2B,Adyar Ananda Bhavan - A2B,Nice sevice provided by soundharya,2026-09-23
A2B,Adyar Ananda Bhavan - A2B,Super,2026-09-23
A2B,Adyar Ananda Bhavan - A2B,Good,2026-09-23
A2B,Adyar Ananda Bhavan - A2B,Ok super,2026-09-22
A2B,Adyar Ananda Bhavan - A2B,Good,2026-09-22
A2B,Adyar Ananda Bhavan - A2B,Today I Purchased Dal Poli 5 Nos i asked him it's fresh he said yes sir then I take parcel after that I went home and open the parcel it's bad smell So please don't Sell old stock Customer this Is not good for A2B if any health issue whia is responsible you are not taken na worst,2026-09-19
A2B,Adyar Ananda Bhavan - A2B,Food was amazing and tasty 😋 😍 really good service and nice ambience 🤗 spl thanks to chunu and  Team Nice service …,2026-09-19
A2B,Adyar Ananda Bhavan - A2B,"We had really really bad experience here today. South indian meal tasted like north indian. None of the items were tasty. And 2-3 items were missing as well and they dont care about the customers. Really poor service. We came with expectation of having good tamilnadu meals, but it turned out worst.",2026-09-12
A2B,Adyar Ananda Bhavan - A2B,"Taste is good, but comparing with other A2B outlet it's bit High 😕 Restroom available, Valet parking 🅿️ available for Car Bike.. …",2026-09-12
A2B,Adyar Ananda Bhavan - A2B,"A perfect spot for vegetarians! ambiance is wonderful, and it’s the best place..",2026-09-05
A2B,Adyar Ananda Bhavan - A2B,Yummy,2026-09-05
A2B,Adyar Ananda Bhavan - A2B,Haldiram of Tamilnadu,2026-09-05
A2B,Adyar Ananda Bhavan - A2B,I usually stop by this place for my filter coffee as some other branches are using sugar for the decoctions making my sugarless coffee taste sweet. The food is the same standard like other a2b spots. My usual are karakozhakattai & coffee,2026-09-05
A2B,Adyar Ananda Bhavan - A2B,"Very poor attitude towards customer. After I paid the bill at counter, the billing a2b staff thrown the bill for no reason instead of handing it over to me. Very poor behaviour shown to customer.",2026-09-05
A2B,Adyar Ananda Bhavan - A2B,👍👍 …,2026-08-29
A2B,Adyar Ananda Bhavan - A2B,"A2B Service Needs Serious Improvement.

I’ve heard many bad reviews about A2B and always assumed they were isolated …",2026-08-27
A2B,Adyar Ananda Bhavan - A2B,Worst customer service...,2026-08-27
A2B,Adyar Ananda Bhavan - A2B,"Very poor service, especially during busy times, they should employ more people if they cannot handle crowds.. Manager Mr Muktar is also very inefficient.",2026-08-27
A2B,Adyar Ananda Bhavan - A2B,"The food i received was stale, bland and undercooked. No salt, not taste. Absolutely disgusting.",2026-08-27
A2B,Adyar Ananda Bhavan - A2B,Very very bad experience - Meal was completely cold  - Service was bad - Response was bad - Felt like cheated,2026-08-27
A2B,Adyar Ananda Bhavan - A2B,"Hello sir 🙏
I have been coming to this France since the opening. I have only one complaint in this France. Whenever I come to buy a snack (Bonda) on Sunday evening, they …",2026-08-27
A2B,Adyar Ananda Bhavan - A2B,"A2B used to be about quick, reliable service. Lately it feels like the opposite. We were made to wait, told there’s no service at our table, asked to change tables, and then watched staff serve the same table we were sitting at. …",2026-08-27
A2B,Adyar Ananda Bhavan - A2B,Super food the delicious veg food,2026-08-27
A2B,Adyar Ananda Bhavan - A2B,"I ordered three idlis
They put spoiled chutney....sad",2026-08-27
A2B,Adyar Ananda Bhavan - A2B,Captain iyappan good service really Nice 👍😊🙂 good 👍 food …,2026-09-25
A2B,Adyar Ananda Bhavan - A2B,Sasikala,2026-09-25
A2B,Adyar Ananda Bhavan - A2B,Good service by Ms. Valli.,2026-09-25
A2B,Adyar Ananda Bhavan - A2B,Radhika,2026-09-25
A2B,Adyar Ananda Bhavan - A2B,Radhika Akka's service was excellent. Thank you.,2026-09-25
A2B,Adyar Ananda Bhavan - A2B,Great experience,2026-09-25
A2B,Adyar Ananda Bhavan - A2B,Devanand Yadav,2026-09-25
A2B,Adyar Ananda Bhavan - A2B,Sathish Kumar,2026-09-25
A2B,Adyar Ananda Bhavan - A2B,Sasikala,2026-09-25
A2B,Adyar Ananda Bhavan - A2B,Sasaikala,2026-09-25
A2B,Adyar Ananda Bhavan - A2B,Sasikala,2026-09-25
A2B,Adyar Ananda Bhavan - A2B,"Nice place, clean and food is amazing .. Ravinder did amazing service!",2026-09-25
A2B,Adyar Ananda Bhavan - A2B,Bharathi and captain iyappan service good 💯 …,2026-09-25
A2B,Adyar Ananda Bhavan - A2B,Ravinder,2026-09-25
A2B,Adyar Ananda Bhavan - A2B,Iyyappan,2026-09-25
A2B,Adyar Ananda Bhavan - A2B,Iyyappan service  excellent and very nice.thank you,2026-09-25
A2B,Adyar Ananda Bhavan - A2B,"Stopped at A2B for breakfast and had a really good experience. The food was delicious, the ambience was pleasant, and the service was excellent. Special mention to Sasikala, who was very friendly and attentive. Would definitely visit again!",2026-09-25
A2B,Adyar Ananda Bhavan - A2B,Good food and service from Radhika mam,2026-09-25
A2B,Adyar Ananda Bhavan - A2B,"Kindly change the plate instead of banana leaf. Just not satisfied, kindly take the action .",2026-09-25
A2B,Adyar Ananda Bhavan - A2B,Siricha Mugathoda Irukukum Radhika Akka Idhu Ungalukaga,2026-09-25
A2B,Adyar Ananda Bhavan - A2B,Food service was great by ajith kumar🙏 …,2026-09-25
A2B,Adyar Ananda Bhavan - A2B,Good service by radhika,2026-09-25
A2B,Adyar Ananda Bhavan - A2B,Good customer service by Ajith Kumar,2026-09-25
A2B,Adyar Ananda Bhavan - A2B,"Iyappan captain good service,🤝🤝🤝🥰 …",2026-09-24
A2B,Adyar Ananda Bhavan - A2B,Sasikala,2026-09-24
A2B,Adyar Ananda Bhavan - A2B,Iyappan captain Good 👍🏻😊 service nice clean restaurant Good food …,2026-09-24
A2B,Adyar Ananda Bhavan - A2B,"Iyappan captain really good 💯 service nice person,, …",2026-09-24
A2B,Adyar Ananda Bhavan - A2B,Dinesh Anna service is so good 👍😊👍 …,2026-09-24
A2B,Adyar Ananda Bhavan - A2B,The service nice 👍🏻🙂 iyappan captain Good 😊 service nice ☺️ person …,2026-09-24
A2B,Adyar Ananda Bhavan - A2B,Iyappan captain service nice 👍🏻🙂 super maintenance restaurant Good 👍🏻😊 …,2026-09-24
A2B,Adyar Ananda Bhavan - A2B,Ajith kumar services was excellent with commitment,2026-09-24
A2B,Adyar Ananda Bhavan - A2B,Sasikala,2026-09-24
A2B,Adyar Ananda Bhavan - A2B,Vijayakumar food service is awesome,2026-09-24
A2B,Adyar Ananda Bhavan - A2B,Vijay Kumar,2026-09-24
A2B,Adyar Ananda Bhavan - A2B,Devananan yadav Gave a very good service,2026-09-24
A2B,Adyar Ananda Bhavan - A2B,Staff Mrs sobana was very nice and tread like a mother and me & friends feel atmosphere as home and all things are okay but food meal taste littel different then other A2B make some focus on taste,2026-09-24
A2B,Adyar Ananda Bhavan - A2B,Ms Shobana was kind and attended us well.,2026-09-24
A2B,Adyar Ananda Bhavan - A2B,Very good service by sathana,2026-09-24
A2B,Adyar Ananda Bhavan - A2B,Sakthivel.P,2026-09-24
A2B,Adyar Ananda Bhavan - A2B,Devanandh in Aattur a2b is very good at what he does,2026-09-24
A2B,Adyar Ananda Bhavan - A2B,"Very good food and service… staff named rathika was very patient and  friendly with everyone
Overall a good place to have food",2026-09-24
A2B,Adyar Ananda Bhavan - A2B,Good order well by captain Ajith kumar was excellent,2026-09-24
A2B,Adyar Ananda Bhavan - A2B,Sasikala's service was excellent and food is good in taste and quality,2026-09-24
A2B,Adyar Ananda Bhavan - A2B,Iyappan,2026-09-24
A2B,Adyar Ananda Bhavan - A2B,K.RATHIKA,2026-09-24
A2B,Adyar Ananda Bhavan - A2B,Ajith Kumar,2026-09-24
A2B,Adyar Ananda Bhavan - A2B,Ravindar service is good,2026-09-24
A2B,Adyar Ananda Bhavan - A2B,Sasikala good service..,2026-09-24
A2B,Adyar Ananda Bhavan - A2B,Ravindra Good 👍😊 sevics super …,2026-09-24
A2B,Adyar Ananda Bhavan - A2B,Ravindra Good 👍😊 sevisc supr …,2026-09-24
A2B,Adyar Ananda Bhavan - A2B,Keerthana,2026-09-25
A2B,Adyar Ananda Bhavan - A2B,Manimegalai service is good and coffee ☕ exslant 👍 …,2026-09-25
A2B,Adyar Ananda Bhavan - A2B,Moneybags,2026-09-25
A2B,Adyar Ananda Bhavan - A2B,Manimagalai super service,2026-09-25
A2B,Adyar Ananda Bhavan - A2B,Keerthana service is good.,2026-09-25
A2B,Adyar Ananda Bhavan - A2B,Manimegala service is good and baby corn pepper fry very tasty,2026-09-24
A2B,Adyar Ananda Bhavan - A2B,Manimegalai service is good 👍 👌 and paratta tasty 😋 …,2026-09-24
A2B,Adyar Ananda Bhavan - A2B,"Excellent service at A2B! Manimegali The staff were friendly, polite, and attentive. The food was served quickly and was fresh and tasty. The overall dining experience was comfortable and satisfying. Special thanks to the service team for their good hospitality. Would definitely visit again!",2026-09-24
A2B,Adyar Ananda Bhavan - A2B,Manimegalai good service,2026-09-24
A2B,Adyar Ananda Bhavan - A2B,Manimegalai Mam's hospitality was fantastic. Special care was taken in serving us food based on our requirements. Very good experience.,2026-09-24
A2B,Adyar Ananda Bhavan - A2B,Moneybags,2026-09-23
A2B,Adyar Ananda Bhavan - A2B,Shakthivel and the supervisor lady has given us wonderful service. Thank you,2026-09-23
A2B,Adyar Ananda Bhavan - A2B,"Had nice food at A2B ,and service Mrs Manimegalai was very good nice conversation with guest ,keep on rocking madam let me try again food with A2B",2026-09-23
A2B,Adyar Ananda Bhavan - A2B,Good,2026-09-22
A2B,Adyar Ananda Bhavan - A2B,"Earlier the service peoples was really bad, now few are peoples are really good, but still lot of improvement needed on service terms and tge cahsier lady person shouting on servers in front of customers, which is really bad. It's my …",2026-08-27
A2B,Adyar Ananda Bhavan - A2B,Special thanks to Jansi Rani,2026-08-27
A2B,Adyar Ananda Bhavan - A2B,Best service suresh &revathy,2026-08-27
A2B,Adyar Ananda Bhavan - A2B,Very unhygienic condition. Service is very very slow. The dosa we ordered was too crispy and over burnt. Strange. When we asked for extra chutney they did not even bother and ignorance,2026-08-27
A2B,Adyar Ananda Bhavan - A2B,"The food is not good
A coffee is billed for 55 rupees ,which is pathetic ...
And Bhajii is too bad as well it's not cooked properly . …",2026-08-27
A2B,Adyar Ananda Bhavan - A2B,Went for lunch. South Indian Meals was with average taste.,2026-09-25
A2B,Adyar Ananda Bhavan - A2B,"Self ordered sambar vada and a rava dosa, when I took the fork and spoon I was able to see clear stains all around the stainless steel when I informed to the server, he lethargically looked at me and took tissue kept at table and cleaning …",2026-09-25
A2B,Adyar Ananda Bhavan - A2B,Your standard A2B. Comfortable seating with beautiful looking sweets on display. Food is of good quality and taste.,2026-09-20
A2B,Adyar Ananda Bhavan - A2B,"bad experience, place was there inside, but made us waited outside. The only two things I liked it was the food and the watchman in car parking area. The is food is  tasty but quantity is less. …",2026-09-20
A2B,Adyar Ananda Bhavan - A2B,Service is too late then regarding the quantity totally disappointed totally,2026-09-20
A2B,Adyar Ananda Bhavan - A2B,"Good service, very supportive for my child with special needs",2026-09-19
A2B,Adyar Ananda Bhavan - A2B,Food taste is average,2026-09-19
A2B,Adyar Ananda Bhavan - A2B,"Worst service, if you ever come with headache here for a coffee, it will cause more headaches",2026-09-19
A2B,Adyar Ananda Bhavan - A2B,"Good, clean and neat",2026-09-19
A2B,Adyar Ananda Bhavan - A2B,the good food and the good service and employees are good Ganesh,2026-09-19
A2B,Adyar Ananda Bhavan - A2B,Very nice,2026-09-19
A2B,Adyar Ananda Bhavan - A2B,"We ordered dal poli from swiggy.
The delivered poli is spoiled and smelt bad.
When I called A2b, they're casually saying bring it back whenever you're free to verify it..",2026-09-12
A2B,Adyar Ananda Bhavan - A2B,"Decent, clean and cost effective.  Always trustworthy",2026-09-05
A2B,Adyar Ananda Bhavan - A2B,Udhai served well,2026-09-05
A2B,Adyar Ananda Bhavan - A2B,"Tasty stuff.place needs to be spacious.purchasedmurukku,great south Indian spices and sweets.",2026-09-05
A2B,Adyar Ananda Bhavan - A2B,"It amazes me every time I dine at A2B.. the tiffin items such as idli,dosa, vada, Pongal is a big hit with my family members not to miss that amazing coffee.. I am a big fan of A2B",2026-09-05
A2B,Adyar Ananda Bhavan - A2B,Good quality but little bit costly,2026-08-29
A2B,Adyar Ananda Bhavan - A2B,"Breakfast items are getting over by 11 am, what's the point of even having it.",2026-08-27
A2B,Adyar Ananda Bhavan - A2B,"I frequently visit this place for coffee. They serve one of the best coffee in the vicinity and have decent restrooms but recent times their restroom maintenance is not upto the mark. Sometimes smells bad.
Hope the management notice this and take necessary steps.",2026-08-27
A2B,Adyar Ananda Bhavan - A2B,Horrible service,2026-08-27
A2B,Adyar Ananda Bhavan - A2B,"This is one of my frequent-visit spots, especially for filter coffee and evening snacks. The filter coffee is consistently good, and the evening snacks are a real highlight. The chola poori and idly have that trademark A2B style and taste …",2026-08-27
A2B,Adyar Ananda Bhavan - A2B,"Everything is good, the employees are polite and gives a good experience until we come out from there. …",2026-08-27
A2B,Adyar Ananda Bhavan - A2B,Worst meals 210 very bad,2026-08-27
A2B,Adyar Ananda Bhavan - A2B,Good & spacious place for a quick snack,2026-08-27
A2B,Adyar Ananda Bhavan - A2B,"Worst experience ever … I ordered a mini meals it’s very bad no taste curd rice,sambar rice only veggies no rice in it, chapathi is very rough can’t eat and sweet is like hell I never expect this from a2b",2026-08-27
A2B,Adyar Ananda Bhavan - A2B,"Very nice, kids enjoyed.",2026-08-27
A2B,Adyar Ananda Bhavan - A2B,Quality is dropping big time,2026-08-27
A2B,Adyar Ananda Bhavan - A2B,Tasty pongal,2026-08-27
A2B,Adyar Ananda Bhavan - A2B,Entrance not kept clean giving a distasteful experience even while entering,2026-08-27
A2B,Adyar Ananda Bhavan - A2B,"Gone from the best to the worst in terms of service and atmosphere.

Despite having several empty tables, you're made to wait, with no one …",2026-08-27
A2B,Adyar Ananda Bhavan - A2B,Very slow in serving the food. For a small snack they are taking around 30mins to serve.,2026-08-27
A2B,Adyar Ananda Bhavan - A2B,No authentic food taste. They got the famous brand and selling tasteless food.,2026-08-27
A2B,Adyar Ananda Bhavan - A2B,"Absolutely unacceptable quality. I paid ₹136 expecting a fresh and tasty dosa from a well-known brand like A2B, but what I got was terrible. The dosa was extremely sour, as if the batter had gone bad. This is not the first time—I had the …",2026-08-27
A2B,Adyar Ananda Bhavan - A2B,"The food was good and tasty. The service could be quicker, but overall it was a good experience.",2026-08-27
A2B,Adyar Ananda Bhavan - A2B,Papitha service,2026-09-25
A2B,Adyar Ananda Bhavan - A2B,Very worst service,2026-09-25
A2B,Adyar Ananda Bhavan - A2B,I was served by Roja with a smiling face. She took my customised order and I am very happy,2026-09-25
A2B,Adyar Ananda Bhavan - A2B,Very good food and good ambience,2026-09-25
A2B,Adyar Ananda Bhavan - A2B,Roja helped us get what we wanted to eat for breakfast. Her service was prompt and helpful.,2026-09-25
A2B,Adyar Ananda Bhavan - A2B,"Kind and prompt service, tasty food. Special mention for staff Roja.",2026-09-25
A2B,Adyar Ananda Bhavan - A2B,Papitha service was really good,2026-09-24
A2B,Adyar Ananda Bhavan - A2B,Excellent service by papitha and she has a polite attitude and it made us feel to get repeated services from her and to visit this place often,2026-09-24
A2B,Adyar Ananda Bhavan - A2B,"Roja served good, she is very polite and provided great hospitality",2026-09-24
A2B,Adyar Ananda Bhavan - A2B,Good service by GRamamoorthi,2026-09-24
A2B,Adyar Ananda Bhavan - A2B,"First time in the last two years I got good food service today. It is by ms gokila, patience and timely.",2026-09-24
A2B,Adyar Ananda Bhavan - A2B,Rama moorthy service very excellent,2026-09-24
A2B,Adyar Ananda Bhavan - A2B,Kokila Service is great,2026-09-24
A2B,Adyar Ananda Bhavan - A2B,"Rooja sister who served me was super cute and caring,she always have a smile in her face🫶🏻but mini meals cost is nearly 200 so it's little bit high,rather than all taste was good! …",2026-09-24
A2B,Adyar Ananda Bhavan - A2B,Great service by Rajaraja Chozhan,2026-09-24
A2B,Adyar Ananda Bhavan - A2B,Good tiffin items i could feel the taste of a good health in each bite and our servent roja is very best at serving she serves every meal with a beautiful smile …,2026-09-24
A2B,Adyar Ananda Bhavan - A2B,The food was good. Roger helped get food faster,2026-09-24
A2B,Adyar Ananda Bhavan - A2B,Good,2026-09-24
A2B,Adyar Ananda Bhavan - A2B,"Taste Good, quite costly, & well maintained rest room.",2026-09-24
A2B,Adyar Ananda Bhavan - A2B,"Nice food, nice parking and service is good
Over all nice",2026-09-24
A2B,Adyar Ananda Bhavan - A2B,Babitha served us well and the food was good as usual,2026-09-23
A2B,Adyar Ananda Bhavan - A2B,Papitha’s serving was excellent 👏👏👏 …,2026-09-23
A2B,Adyar Ananda Bhavan - A2B,The Food Quality is maintained across all branches and found the same taste here. Thanks for the Hospitality,2026-09-23
A2B,Adyar Ananda Bhavan - A2B,Good shopping shops 😁 …,2026-09-22
A2B,Adyar Ananda Bhavan - A2B,"Taste wise ,Superb ,Kindly make price to Affordable for below middle class people too....Bcoz they too experience this kind of taste....",2026-09-22
A2B,Adyar Ananda Bhavan - A2B,"Good food, service and ambience",2026-09-22
A2B,Adyar Ananda Bhavan - A2B,Food was great and service was neat and clean,2026-09-21
A2B,Adyar Ananda Bhavan - A2B,Good,2026-09-21
A2B,Adyar Ananda Bhavan - A2B,Very good service,2026-09-21
A2B,Adyar Ananda Bhavan - A2B,Good,2026-09-21
A2B,Adyar Ananda Bhavan - A2B,Shop is at gud location..food is gud...,2026-09-20
A2B,Adyar Ananda Bhavan - A2B,Nice,2026-09-20
A2B,Adyar Ananda Bhavan - A2B,Tastes good and satisfied ❤️🍲 …,2026-09-20
A2B,Adyar Ananda Bhavan - A2B,Good service and good for family with small kids,2026-09-20
A2B,Adyar Ananda Bhavan - A2B,Good,2026-09-20
A2B,Adyar Ananda Bhavan - A2B,The idli is not perfect,2026-09-20
A2B,"A2B, Trichy Railway station",Paniyaram 2 Pieces -Rs. 42.Very hard I thing Adhirasam is better.,2026-09-19
A2B,"A2B, Trichy Railway station",Nearby parking area. Required publicity for the presence of restaurant. It's away from the Main entrance. Good service. Limited rest rooms. Good for South Indian food. Variety available.,2026-09-19
A2B,"A2B, Trichy Railway station","I visited A2B Restaurant on 10th September and ordered the Mini Tiffin and Black Coffee. The taste was really excellent, especially considering the reasonable price. The service person was also very polite, humble, and attentive. Overall, …",2026-09-12
A2B,"A2B, Trichy Railway station",Very worst taste price over,2026-09-12
A2B,"A2B, Trichy Railway station",Mallika good service and good communication,2026-09-12
A2B,"A2B, Trichy Railway station",We had eat lunch. Food was amazing.. Particularly service man of Mr. Manimaran were excellent ... Thanks to a2 b,2026-09-12
A2B,"A2B, Trichy Railway station",It will be really good if they can serve juice. Currently juice is not available.,2026-09-12
A2B,"A2B, Trichy Railway station","Went about and beyond, lots of selection for railway restaurant",2026-09-05
A2B,"A2B, Trichy Railway station",Today i bought idly here for train travel very worst quality and my stomach got upset so waste of money,2026-09-05
A2B,"A2B, Trichy Railway station",Yesterday got 100 gm palkova and found it spolied and sour very disappointed to see a2b serving spoiled food,2026-08-27
A2B,"A2B, Trichy Railway station",Good one,2026-08-27
A2B,"A2B, Trichy Railway station",Best service suresh&revathy,2026-08-27
A2B,"A2B, Trichy Railway station","Worst worst One of the worst this railway station A2B in trichy.
Service man it's not good. Bad service.service guys not listening what saying in customer.so don't go anybody
Only I hate this  railway station A2B",2026-08-27
A2B,"A2B, Trichy Railway station","Very worst service, Totally disappointed 😞 …",2026-08-27
A2B,"A2B, Trichy Railway station",My goto place for takeaways before any train from Trichy. I went at 8 30 a.m and they said no poori masal. Packing quality is becoming poor. 😌 …,2026-08-27
A2B,"A2B, Trichy Railway station",Nise,2026-08-27
A2B,"A2B, Trichy Railway station","For a location with thousands pouring in and out on a daily basis, this is a good facility. Cleanliness is good and so is the quality. …",2026-08-27
A2B,Adyar Ananda Bhavan - A2B,Sathya,2026-09-24
A2B,Adyar Ananda Bhavan - A2B,Awesome! A must visit location when in Chennai,2026-09-19
A2B,Adyar Ananda Bhavan - A2B,Idly was very bad and full of fly,2026-09-19
A2B,Adyar Ananda Bhavan - A2B,Thanjavur A2B amazing service...especially Gopika's service was polite and respectful. Thank you,2026-09-19
A2B,Adyar Ananda Bhavan - A2B,Tea taste was poor,2026-09-19
A2B,Adyar Ananda Bhavan - A2B,"Wow, what a place😊 i loved it …",2026-09-12
A2B,Adyar Ananda Bhavan - A2B,Very Good Serives Vanitha,2026-09-12
A2B,Adyar Ananda Bhavan - A2B,Food quality has come down of late,2026-09-12
A2B,Adyar Ananda Bhavan - A2B,Required improvement,2026-09-05
A2B,Adyar Ananda Bhavan - A2B,Nice hospitality and service from the staffs. This time especially from Malathy akka. Thank you,2026-09-05
A2B,Adyar Ananda Bhavan - A2B,Good food and quick service,2026-09-05
A2B,Adyar Ananda Bhavan - A2B,One of the worst service. No proper response.,2026-08-29
A2B,Adyar Ananda Bhavan - A2B,“Good food with a pleasant ambience. Staff Gowthami was Very polite,2026-08-27
A2B,Adyar Ananda Bhavan - A2B,Very worst service and not responding,2026-08-27
A2B,Adyar Ananda Bhavan - A2B,Classicc a2b. Good food great taste. Nothing to complain of,2026-08-27
A2B,Adyar Ananda Bhavan - A2B,"Too costly
1 tea and 1 coffee -100 Rs/-",2026-08-27
A2B,Adyar Ananda Bhavan - A2B,Vinoth kumar service (Table 12) Good.,2026-08-27
A2B,Adyar Ananda Bhavan - A2B,"Good place in the heart of Adyar for good traditional food
Good parking place also",2026-08-27
A2B,Adyar Ananda Bhavan - A2B,Adai wasn't of good quality. It was made like a dosa,2026-08-27
A2B,Adyar Ananda Bhavan - A2B,Karthika Good service,2026-08-27
A2B,Adyar Ananda Bhavan - A2B,"The food quality is poor, chappaties are stale, and sambar rice is worst. I have got health issues. Eat only if you are hungry.",2026-09-12
A2B,Adyar Ananda Bhavan - A2B,"Only standing no seats, self service, but too costly",2026-08-27
A2B,Adyar Ananda Bhavan - A2B,Worst service ever !took me a good 20 minutes to get my coffeee served! And the quantity is too less,2026-08-27
A2B,Adyar Ananda Bhavan - A2B,"Excellent food
Little delay in service",2026-08-27
A2B,Adyar Ananda Bhavan - A2B,Manisha service is excellent,2026-09-25
A2B,Adyar Ananda Bhavan - A2B,Santhoshni good service and support,2026-09-25
A2B,Adyar Ananda Bhavan - A2B,S. Kowslaya’s pollite service made our breakfast very Goooood !,2026-09-25
A2B,Adyar Ananda Bhavan - A2B,"Great food and good experience. Ms Kausalya assisted us really well.
Very nice hospitality",2026-09-25
A2B,Adyar Ananda Bhavan - A2B,Quite well maintained place,2026-09-25
A2B,Adyar Ananda Bhavan - A2B,Great fresh food. Strong coffee. Clean premises. And great service by S Kousalya,2026-09-25
A2B,Adyar Ananda Bhavan - A2B,Good food. Clean place. Arun was really polite and delivered fast. Excellent service.,2026-09-25
A2B,Adyar Ananda Bhavan - A2B,Koushalya s . Very good you can try any time,2026-09-24
A2B,Adyar Ananda Bhavan - A2B,S gowsalya,2026-09-24
A2B,Adyar Ananda Bhavan - A2B,S Kowsalya service was good and Welcoming,2026-09-24
A2B,Adyar Ananda Bhavan - A2B,Good service especially S Kausalya,2026-09-24
A2B,Adyar Ananda Bhavan - A2B,Manasi - good service,2026-09-23
A2B,Adyar Ananda Bhavan - A2B,"S. Gowsalya service so excellent and give tasty  meals, thank you so much mam",2026-09-23
A2B,Adyar Ananda Bhavan - A2B,Meaning,2026-09-23
A2B,Adyar Ananda Bhavan - A2B,New method of service without plate is felt uncomfortable,2026-09-22
A2B,Adyar Ananda Bhavan - A2B,"Priya did good service
Anand grt gesture",2026-09-22
A2B,Adyar Ananda Bhavan - A2B,Santhoshini has done her service very good,2026-09-22
A2B,Adyar Ananda Bhavan - A2B,We had good experience. Manasi is good and polite women we see. Such a nice person. Atmosphere was good and hospitality also nice. Well customer service. Food also too good.,2026-09-21
A2B,Adyar Ananda Bhavan - A2B,Anand,2026-09-21
A2B,Adyar Ananda Bhavan - A2B,good service rended by Jeeva,2026-09-21
A2B,Adyar Ananda Bhavan - A2B,Santhoshni service was excellent,2026-09-21
A2B,Adyar Ananda Bhavan - A2B,S. Gowsalya,2026-09-20
A2B,Adyar Ananda Bhavan - A2B,Good food and good service by S.Kousalya,2026-09-20
A2B,Adyar Ananda Bhavan - A2B,Staff Priya good service good approach,2026-09-20
A2B,Adyar Ananda Bhavan - A2B,Arun bro service was best.,2026-09-20
A2B,Adyar Ananda Bhavan - A2B,As usual rate is above budget but for that atmosphere rate is ok if take mini tiffen. If take separate then rate is high.,2026-09-20
A2B,Adyar Ananda Bhavan - A2B,Khousalya  S good service,2026-09-20
A2B,Adyar Ananda Bhavan - A2B,Arun Sakthi,2026-09-20
A2B,Adyar Ananda Bhavan - A2B,S Kousalya’s service is excellent,2026-09-20
A2B,Adyar Ananda Bhavan - A2B,Served by santoshini,2026-09-20
A2B,Adyar Ananda Bhavan - A2B,S.kowsalya did a fabulous service smiling too,2026-09-20
A2B,Adyar Ananda Bhavan - A2B,Arunsakthi good service,2026-09-19
A2B,Adyar Ananda Bhavan - A2B,Santhoshini service was good.,2026-09-19
A2B,Adyar Ananda Bhavan - A2B,Vanitha service is good,2026-09-19
A2B,Adyar Ananda Bhavan - A2B,Priya good,2026-09-19
A2B,Adyar Ananda Bhavan - A2B,S Gowsalya service was very nice 👍 …,2026-09-19
A2B,Adyar Ananda Bhavan - A2B,Manasi service is very good 😊 …,2026-09-19
A2B,Adyar Ananda Bhavan - A2B,Priya  and Sudha very good  service,2026-09-19
A2B,Adyar Ananda Bhavan - A2B,Arun,2026-09-19
A2B,Adyar Ananda Bhavan - A2B,Very good food and service by Manasi,2026-09-19
A2B,Adyar Ananda Bhavan - A2B,Very good food and good service Arun,2026-09-19
A2B,Adyar Ananda Bhavan - A2B,"In Adayar Anandha Bhavan, Neikkarapatty branch, we have had service from Mrs. Priya and Nirmala. The service was really excellent. Thanks to them for the wonderful service.",2026-09-19
A2B,Adyar Ananda Bhavan - A2B,S. Gousalya service is good,2026-09-19
A2B,Adyar Ananda Bhavan - A2B,"Sudha was great with her service, and have very polite attitude",2026-09-19
A2B,Adyar Ananda Bhavan - A2B,Chats quality is pathetic and dirty service. Many beggers appointed who are focusing tips rather than service. In my life this is the worst experience in A2B.,2026-09-19
A2B,Adyar Ananda Bhavan - A2B,"Quality, service and cost no where matching. Cost of products too high without service and values.  Fried rice served without sauce, for idly and dosa chutney need request, 2 pax table forced to sit 4 people. No tissue kept in table. Same …",2026-09-19
A2B,Adyar Ananda Bhavan - A2B,All good ..!!,2026-09-19
A2B,Adyar Ananda Bhavan - A2B,Very good approach from s.kousalya,2026-09-19
A2B,Adyar Ananda Bhavan - A2B,"Food & service was really good ,
Santhoshini was very supportive",2026-09-19
A2B,Adyar Ananda Bhavan - A2B,Gaythiri,2026-09-19
