chain,issue_cluster,betrayal,delight,disappointment,frustration,neutral,nostalgia,relief
A2B,Crowd and Wait Time,9,68,19,62,316,2,1
A2B,Food Quality Issues,5,7,3,3,83,0,0
A2B,Noise / unclustered,3,60,13,20,192,0,0
A2B,Service Issues,4,68,7,7,155,0,0
Geetham,Crowd and Wait Time,1,15,3,27,68,0,0
Geetham,Food Quality Issues,2,3,2,1,34,0,0
Geetham,Noise / unclustered,1,23,8,4,60,0,0
Geetham,Service Issues,1,38,4,8,104,0,0
Namma Veedu Vasanta Bhavan,Crowd and Wait Time,2,43,4,14,121,0,2
Namma Veedu Vasanta Bhavan,Food Quality Issues,3,3,1,4,27,0,0
Namma Veedu Vasanta Bhavan,Noise / unclustered,5,54,6,8,126,0,0
Namma Veedu Vasanta Bhavan,Service Issues,3,88,6,4,151,1,0
Sangeetha,Crowd and Wait Time,7,133,14,39,233,0,4
Sangeetha,Food Quality Issues,2,25,2,3,49,0,0
Sangeetha,Noise / unclustered,9,167,17,18,304,2,0
Sangeetha,Service Issues,7,162,12,13,301,0,2
Saravana Bhavan,Crowd and Wait Time,3,54,9,14,150,2,1
Saravana Bhavan,Food Quality Issues,4,39,9,9,142,3,2
Saravana Bhavan,Noise / unclustered,6,50,18,8,115,3,0
Saravana Bhavan,Service Issues,5,29,2,6,79,1,0
Sree Annapoorna,Crowd and Wait Time,8,69,18,58,293,1,3
Sree Annapoorna,Food Quality Issues,1,17,3,4,91,1,0
Sree Annapoorna,Noise / unclustered,11,117,29,20,377,2,2
Sree Annapoorna,Service Issues,17,119,25,20,374,1,0
