Branch,Reviews,Restaurant,Review_Date
Geetham Veg Restaurant,A place to go for quality food and great taste. The wait could be long during dinner times. Patrons need to scan a QR code to get a token number and wait in the queue outside the resturant. Patrons need to key in the number of pax and if …,Geetham,2026-03-22
Geetham Veg Restaurant,"The meals was very satisfying. All the vegetables were cooked perfectly, and the overall taste was well balanced.
The sambar was especially outstanding and truly flavorful. Highly recommended …",Geetham,2026-06-07
Geetham Veg Restaurant,"I recently visited Githam Restaurant in Chennai, and it was quite an experience! The place is extremely crowded, which clearly shows how popular it is. It’s a pure vegetarian restaurant, especially famous for its authentic South Indian …",Geetham,2026-03-12
Geetham Veg Restaurant,"The food is degrading from before.
Ordered mysore masala - masala combination is raw and bitter. Restaurant replaced with Satha Rava Dosai but served Rava dosa filled with ghee and it’s again not …",Geetham,2025-12-24
Geetham Veg Restaurant,"Geetham Food maintains good standards when it comes to food quality, holding its own among similar vegetarian restaurant chains. …",Geetham,2026-03-26
Geetham Veg Restaurant,I came here with family for a quick tea time. The service was good. The staffs were friendly and helpful. The food was also good at a reasonable price. Probably they need to focus more on the cleanliness.,Geetham,2026-02-19
Geetham Veg Restaurant,"Quite attracted by the heavy decorative colorful lights, we stopped over for dinner. Luckily, we were quite early and got our table almost immediately. Otherwise, this place attracts so many people and one has to wait on a long Q to get a …",Geetham,2025-12-30
Geetham Veg Restaurant,"This place doesn't worth the hype of reviews. While the service here is quick , the taste of the food is average and the high price tag doesn't justify the Tate or the atmosphere. Ambience is noisy and lacks the fine edge. Overall a good place for quick bite if you are hungry. However do not expect much",Geetham,2026-03-22
Geetham Veg Restaurant,"Best vegetarian restaurant chain with AC. It can be very crowded during peak hours with minimum waiting for 5 minutes, for a single person. You may have to join strangers of the seating is full, so be prepared to share some space! …",Geetham,2026-04-10
Geetham Veg Restaurant,"Place is very well visible from a distance or while you are driving. Road side parking. I ordered Idly, Ghee Paper Dosa & Sambar vadai. First thing they served me 2 vadai instead of 1. Food delivery was instant. I liked the sambar vadai and Ghee Paper Dosai.",Geetham,2026-02-22
Geetham Veg Restaurant,"After shopping at t nagar deceided to have a evening snacks at geetham restaurant.We had a vara, bonda and Chettinad mini tiffin.The Chettinad mini tiffin was good.And we had a coffee which was very average this time.I didn't expect an …",Geetham,2026-03-07
Geetham Veg Restaurant,This was recommended to me by a local and reviews also back up that claim. Must visit. …,Geetham,2026-04-05
Geetham Veg Restaurant,Please be aware of the pricing. Have attached the bill for reference and two sweet lime juices costed 360 rupees which was lesser than the 2 set of poori. 1 kg fruit itself will cost 60 rupees only. I was so shocked to see this utter …,Geetham,2026-03-19
Geetham Veg Restaurant,"It was worth trying at this Geetham outlet. The wait time is something you should plan and consider while visiting.
The food was good. Service was good as well. Worthy spend.",Geetham,2026-03-23
Geetham Veg Restaurant,Horrendous experience. Please do not visit if you are walking in as a single customer. They have a funny system where you have to see your waiting number to get a seat. People who want 2 seats and 4 seats gets preferred. You may have to …,Geetham,2026-05-10
Geetham Veg Restaurant,"Place is always crowded and staffs are working to manage the crowd. But inefficient waiters and irresponsible staff make many customer get agitated. Communication towards the customer is very bad and awful. We went today for dinner, 16th …",Geetham,2026-04-19
Geetham Veg Restaurant,This place is super crowded always so much so that they have a token system always and they also serve juice to the people who wait. …,Geetham,2026-05-08
Geetham Veg Restaurant,"Hotel Ambience offers a pleasant dining experience. The service was good and quick. Tried their mini tiffin — it’s definitely value for money with a decent variety. The taste was okay overall, and the rava dosa was just fine. A good option for a simple, budget-friendly meal",Geetham,2026-01-31
Geetham Veg Restaurant,"Finding a quality restaurant in the busy Koyambedu area is one thing, but finding one with ample parking is a game-changer. They have dedicated space for both cars and two-wheelers, making it incredibly convenient for locals and travelers …",Geetham,2025-12-11
Geetham Veg Restaurant,Service is very poor. We asked to filter the coffee and she brought the same coffee. I asked for sweet the waiter told me something coconut milk turned to be rice Kanji. I noticed he was promoting it to other customer as well. Never coming back there are other good restaurant nearby. With great good.,Geetham,2026-03-07
Geetham Veg Restaurant,"After seeing hype in insta and reels recently, We ordered for onam sadhya one day in advance as dine in slot completed two days before we opted for takeaway at Anna nagar outlet. Totally disappointed with food they …",Geetham,2026-05-16
Geetham Veg Restaurant,"Amazing place for pure veg dishes. Looks crowded but very highly organized. We were a group of 11 friends, 16th in the queue and the wait was 8 minutes. Exceptional service by all staff. The owner is quite down-to-earth and friendly, making …",Geetham,2026-01-16
Geetham Veg Restaurant,"There is mosquitoes around us but their workers just watching without doing anything . One of the worst Naan  ever had , it’s so thin and crispy.  We went the next day and found out AC has water leakage and it falls on our head. So conclusion is food especially chuty is just average . Food 50/50. It’s my taste",Geetham,2026-04-18
Geetham Veg Restaurant,Went there as a team and enjoyed the taste of mixed cuisines. The service was good and they made us feel comfortable. Make sure that you have time to wait to get a table. As the waiting period was a bit long on the date we went but they managed to accommodate us as soon as they can.,Geetham,2025-12-30
Geetham Veg Restaurant,"Pretty average food, oily as well.
The idli that came with the mini tiffin was nowhere fresh nor hot. …",Geetham,2026-05-19
Geetham Veg Restaurant,"Came here for dinner while visiting family in Chennai. Had to wait about 10 minutes on a busy night. Lots of seats inside and staff was very nice. Order took a little while to come, likely because of business, but food was delicious. Staff …",Geetham,2026-02-05
Geetham Veg Restaurant,"Had a quick lunch at this place today. It was pretty crowded quite warm inside because of the crowd, the weather outside, and they kept the door open all the time! …",Geetham,2025-12-31
Geetham Veg Restaurant,"The food here is honestly not worth the price they charge. The taste and quality do not match how expensive the menu is. On top of that, the restaurant has a serious fly problem, and this is not some temporary issue - it has been like this …",Geetham,2026-03-08
Geetham Veg Restaurant,Yummy Comfy South Indian Meal with Icecream Fruit Salad and Paan too . 270 for a south indian meal. …,Geetham,2026-01-27
Geetham Veg Restaurant,"Very nice restaurant for a good food experience!

Vibrant atmosphere filled with families relishing their choice of food ranging …",Geetham,2026-02-06
Geetham Veg Restaurant,Come here before 730pm if you don't want to get stuck in a long queue outside and wait for min 30m to get in. Very quick service and good varieties. Love their OTT (Open Till Two am) menu as well if you're a fellow night owl.,Geetham,2026-05-28
Geetham Veg Restaurant,"We had stopped at geetham for evening snacks, ordered idli fries, jain ghee roast, paneer masala dosa, sambar idli, sambar vada and rasmalai. All the items tasted good, service was quick and prompt, the paneer was so soft and succulent. …",Geetham,2025-12-24
Geetham Veg Restaurant,"First time visit had a nice lunch

Thanks to Narayan and Debashish for their lovely care and help to choose right food for us.",Geetham,2026-06-02
Geetham Veg Restaurant,This branch in Tnagar  vegetarian restaurant little crampy near the last row..if they make it perfect then 10/10 also an area to rectify i would say is the sink where always there is water clog. . food is good n quick service. They have a …,Geetham,2026-01-29
Geetham Veg Restaurant,"Waiters wont attend table, first for order - they came after 15 minutes to table and had to wait 40 mins for a ghee podi masala dosa.
Food is good but arrogant waiters. I will change my mind and update review if next time they rectify.",Geetham,2026-03-27
Geetham Veg Restaurant,Worst experience. We were a group of 6 people who went for dinner last night and specifically ordered Jain food. The food quality and service were extremely disappointing. …,Geetham,2026-02-02
Geetham Veg Restaurant,"Been coming to this place for so many years and it has stayed the same, both in terms of taste and ambience, even after the rebranding. The food is excellent. And the waiters are extremely friendly and polite. …",Geetham,2026-02-11
Geetham Veg Restaurant,Do not give any order online at Geetham Restaurant. They said they will deliver themselves. Just ordered a Sandwich and a coffee at 432pm and the delivery not done until 615pm. The restaurant was just 15mnts walking distance from the …,Geetham,2026-04-19
Geetham Veg Restaurant,"As an outsider for this city, we had good food and enjoyed a good service here.
Highly recommended.",Geetham,2026-01-29
Geetham Veg Restaurant,"PROs - food taste mostly good , location
CONs - ambience is bad for the price , no AC , service average , wait time …",Geetham,2026-04-23
Geetham Veg Restaurant,If you are looking for for South Indian authentic vegetarian food. This is the place for you . Don’t miss to taste Paayasam that’s been served with every Thali. Quick service with Happy meal,Geetham,2025-12-30
Geetham Veg Restaurant,"Have been there last week for breakfast.
Long time in my wish list.
The ambience is good and there is limited car parking space in the street. …",Geetham,2026-02-20
Geetham Veg Restaurant,"Amazing food.
The food is delicious and well made but i would argue that the food is definitely on the pricier side. …",Geetham,2026-05-25
Geetham Veg Restaurant,"Good restaurant but little pricy. May be due to the location. We tried Garlic Podi Dosa, Pongal and mini idly. Garlic podi Dosa is awesome and Pongal tastes really good.",Geetham,2025-12-27
Geetham Veg Restaurant,"The Q Token system was good. We got place within 10mins. Foods alright, couldnt eat much as it felt heavy after the soup. Staff are attentive and even in rush hour, they make sure all r served well",Geetham,2026-04-20
Geetham Veg Restaurant,There’s a certain comfort in the familiar. 🍃 From the golden crisp of my forever favorite ghee dosa to the simple warmth of phulkas with paneer corn masala. Ending it with a fresh carrot juice—sometimes the simplest things are the most beautiful. …,Geetham,2026-03-08
Geetham Veg Restaurant,"Malai Methi Mutter had milk with mutter. Lol...
No jain food available..served with onion despite conveying two times. …",Geetham,2026-02-07
Geetham Veg Restaurant,Popular place for veg food. Lot's of choice. Quick service. Thali only for lunchtime. Dosa with too much ghee (ask without). Hravy not that tasty. Prices very low,Geetham,2025-12-23
Geetham Veg Restaurant,"Visited on a weekday for lunch and the place was quite packed. However, we got a table quickly. …",Geetham,2025-12-18
Geetham Veg Restaurant,"Am a regular at Geetham restaurantsas they have maintained the simplicity and taste of everyday food across all their branches.
However, this particular branch has seen a decline in service standard over the …",Geetham,2026-03-09
Geetham Veg Restaurant,"⭐⭐⭐⭐☆ (4/5)

I recently visited Getham Veg Restaurant in Pallavaram and had a pleasant dining …",Geetham,2026-01-31
Geetham Veg Restaurant,"Geetham Veg Restaurant is a pure vegetarian restaurant located very close to Chennai Airport.
This restaurant has very good food options of South Indian, North Indian as well …",Geetham,2026-04-18
Geetham Veg Restaurant,Came here for breakfast and ordered the idli and dosa. Vaadai is included with the idli and dosa set.  The chutneys and sambar are delicious. The staffs are courteous and honest. We had to wait for 10 minutes for the waiters to find a table …,Geetham,2026-03-03
Geetham Veg Restaurant,"A great spot for a South Indian breakfast, especially since it’s conveniently located close to the airport. The place is huge, making it perfect for a relaxed morning meal without feeling cramped. The ambience is pleasant and comfortable, …",Geetham,2026-03-11
Geetham Veg Restaurant,Great place to try vegetarian dishes. Tandoori platter is a must try if you are large family. Their side dish tawa mushroom is average.,Geetham,2026-03-30
Geetham Veg Restaurant,"Visited Geetham Veg Restaurant on 14th May with my family for a quick lunch. Usually I visit with clients, but this visit was disappointing due to the attitude and service behavior of one staff member named Suraj (Order Taker / Station …",Geetham,2026-05-30
Geetham Veg Restaurant,"Great place to have food with family. Fast and efficient service. Lots of food options - there's something for everyone. Must try for all those who want something fresh, fast, and filling. Cuisine - South Indian, North Indian, Indo-Chinese, desserts amd savouries. Quite close to the airport.",Geetham,2025-12-17
Geetham Veg Restaurant,"This is one of the worst restaurants we have visited. The overall experience was very unpleasant. The taste of the food was not good, and the quality did not meet expectations. …",Geetham,2026-06-02
Geetham Veg Restaurant,"The food was simply outstanding — every dish was prepared to perfection, bursting with authentic flavors and presented beautifully. The quality and freshness of the ingredients truly reflected the chef’s attention to detail and passion for …",Geetham,2026-01-13
Geetham Veg Restaurant,Visited this place for lunch with family. Tried their North Indian Thali and taste is good. Even though Side dish offered was less but when asked they did refill. Food taste was Good and great service.,Geetham,2026-02-28
Geetham Veg Restaurant,"Jam packed at 7pm on a Friday evening!
Met an old time friend after ages. Couldn't have been a better place to meet.
He suggested ghee roast dosa, and yes it was the right choice. …",Geetham,2026-05-22
Geetham Veg Restaurant,"Found a gem near Chennai Airport
South Indian + Chinese, and both are 🔥
Food quality is good must visit …",Geetham,2026-01-28
Geetham Veg Restaurant,"Quality of food is tooo good. You have to get token first to eat here. Too much crowded, ofcourse if taste is good crowd will there. staff are very active.",Geetham,2026-03-23
Geetham Veg Restaurant,"Wish to notice to the management of Geetham to maintain certain hygienic conditions, even though the food is served in banana leaf , you must ensure the bottom plate is cleaned well ! Or use them as well disposable! I have to stop my eating …",Geetham,2026-04-20
Geetham Veg Restaurant,"A wonderful place to dine. Very busy and crowded. Quite tasty food, though across all Geetam taste is consistent. Service is quick and courteous. We went to receive family member from Airport and came here for dinner just across the Airport. Though it was late evening the staff were fresh and welcoming the guests.",Geetham,2025-12-11
Geetham Veg Restaurant,"Early morning perfection! Had mini tiffin at Geetham Restaurant, opposite Chennai Airport, around 6 AM and it was excellent. Fresh, hot, authentic South Indian taste with quick service. …",Geetham,2026-04-22
Geetham Veg Restaurant,"Best place to have food....Near to the Chennai Airport.

Affordable rates …",Geetham,2026-02-01
Geetham Veg Restaurant,"Definitely one stop after/before flight.

Decent price. Good quality of food with many different varieties. Got car parking as well. Less waiting time they understand the urgency of flight ✈️🛫. …",Geetham,2026-03-25
Geetham Veg Restaurant,"Very poor service. We had to wait outside for more than 30 minutes before getting a table. Even after being seated, it took a long time for someone to take our order. Whenever we asked for anything additional, we had to wait another 15 …",Geetham,2025-12-13
Geetham Veg Restaurant,"We dropped by Geetham late at night and ended up on a full on dessert binge and honestly, everything we tried was so good! We started off with Cold boosted with ice cream it was thick, creamy and packed with bold boost flavor. …",Geetham,2026-02-01
Geetham Veg Restaurant,"One of the best veg restaurants in India... Once become a popular they don't focus the taste and service. But, geetham is the best example of their standard.
I will always recommend gheetham.",Geetham,2026-05-04
Geetham Veg Restaurant,Amazing traditional Indian food. Everything here is delicious and a must try especially their array of chutneys. Service can be slow due to the crazy crowds and the noise level is off the charts. Still it's highly recommended.,Geetham,2026-01-22
Geetham Veg Restaurant,"Food options for Jain or no onion no garlic is very very less, & what ever they have is very poor in taste or sweet. Kindly hire some good chef from northwest for better options & services. Name is so famous in veg but poor in jain option …",Geetham,2026-05-20
Geetham Veg Restaurant,"I recently visited Geetham Hotel and had a wonderful experience, thanks to one of the staff members, Binod. He was extremely kind, polite, and genuinely caring in the way he interacted with us. …",Geetham,2025-12-23
Geetham Veg Restaurant,"Food was awesome.
But Service was poor and i felt the staffs and Table services have been poorly trained of how to talk and behave like a Highly regarded Restaurant, since its …",Geetham,2026-03-14
Geetham Veg Restaurant,"Went there for lunch and it was pretty bad. Admitted that it was peak afternoon and a bit crowded but that's not excuse for the average quality of food and lack of cleanliness. The basundhi was watery, same with the lassi.more like …",Geetham,2026-01-26
Geetham Veg Restaurant,"This is one of the best veg restaurants in Chennai these days. Gone are the days of A2B, Sarvana Bhavan etc. I was there today with my family and we really had a great experience. The food was delicious and the service too.",Geetham,2025-12-24
Geetham Veg Restaurant,"Food was good initially but in recent times, the taste has considerably dropped. Quality of food is good but too much of oil. Hence, definitely not healthy. Service has been quite poor from the start. A lot of chaos, conflict and fight …",Geetham,2026-01-18
Geetham Veg Restaurant,Perfect veg food place .  Fresh food .  Ordered mysore bonda and onion bhaji with tea .,Geetham,2026-03-01
Geetham Veg Restaurant,"Today, 15th February 2026, we visited Geetham Restaurant located on GST Road near Grand Galada for lunch. …",Geetham,2026-03-30
Geetham Veg Restaurant,"All Geetham regulars, pls avoid a great disappointment with this specific outlet. I guess its made for people on the go not for a regular who relishes. …",Geetham,2026-01-31
Geetham Veg Restaurant,"I have been coming to this particular geetham a lot with family, alone and with friends. I have always had a problem of the waiting staff not taking my orders or asking if i need anything else or even help me with menu. But Mr. Sikandhers …",Geetham,2026-01-02
Geetham Veg Restaurant,"We had ordered North Indian thali and South Indian thali.It was not tasty at all. I never expected this type of food.No taste at all, Except the brand name.
Panner tikka was minimal in taste..
It was a waste of money and worthless.",Geetham,2026-05-12
Geetham Veg Restaurant,"Went yesterday evening with my brothers' family from hyderabad who came to admit their son in srm university.   The place was very
noisy.  We went around 6.15 pm.  We asked if soup items and starters are …",Geetham,2026-04-12
Geetham Veg Restaurant,"Came here many times while visiting family in India. Though crowded, there was always virtually no wait to go inside. Tried many foods here and always liked everything I tried. Personal favorites include the ghee roast dosa. Appetizers were …",Geetham,2026-01-19
Geetham Veg Restaurant,"Always crowded but managed well.

Coming to the food quality, I feel the service has degraded substantially and …",Geetham,2026-05-15
Geetham Veg Restaurant,"🌟 Vegetarian Delight at Geetham! 🌟
Geetam is a great spot for vegetarian food lovers! The menu offers a wide range of delicacies from South Indian, North Indian, and Chinese cuisines, along with …",Geetham,2025-12-24
Geetham Veg Restaurant,"Yesterday, We had meals at Geetham Veg, Pallavaram. While eating, I found a hard stone-like object in the food (photo attached). When I informed the staff, the response was disappointing and lacked concern for customer safety. …",Geetham,2026-01-23
Geetham Veg Restaurant,yesterday i visited and taken parcel of idiappam thengai pal ( coconut milk) (Rs.173.00 is debited from your account ending 0854 towards VPA q135599817@ybl (Geetham Billing Counter) on 03-06-26.UPI transaction reference no.: 124149121945) . …,Geetham,2026-02-12
Geetham Veg Restaurant,"We waited for nearly half an hour for our family dinner. Unfortunately, the food quality was disappointing. The Palak Paneer was not up to the mark, the Mint Lemon tasted like plain water, and the Badam Milk was the worst we have had, with …",Geetham,2026-03-08
Geetham Veg Restaurant,"We had breakfast at the hotel, and the food was delicious. We tried the ghee roast masala dosa, which turned out to be excellent. The filter coffee was superb and truly stood out. …",Geetham,2026-02-18
Geetham Veg Restaurant,"Great place for delicious vegetarian food with a calm, pleasant atmosphere. Sweets and savories are worth trying, and parking is available too. …",Geetham,2025-12-18
Geetham Veg Restaurant,Geetham was very highly recommended vegetarian restaurant in Chennai.We ordered 2 tamilnadu meals and north Indian thali.Both meals were good but the price was very higher for the quantity given.They had six branches in Chennai.The ambience and service was very great.Must visit this place for a good food.,Geetham,2026-03-07
Geetham Veg Restaurant,"This is one of the best vegetarian restaurants around Chennai. The price is similar to other popular brands and the taste was equally great. The honey chilli potato was fantastic, they didn't use the fries, instead they used freshly chopped potatoes. The service could have been better.",Geetham,2026-04-17
Geetham Veg Restaurant,Vegetarian chain of restaurant in the ground floor of PVR Grand mall. Restaurant is opened till 2 AM in the night. Crowded in the late night and weekends especially with minimum waiting time of 30 minutes. Ambiance and taste of food are ok. Wheelchair accessible entrance and toilets are available.,Geetham,2026-04-24
Geetham Veg Restaurant,"Bad experience at Geetham, opp. airport

On 26/04/26 morning myself and my wife went to Geetham restaurant, opp Airport …",Geetham,2026-02-10
Geetham Veg Restaurant,"Hello
I'm a regular visitor for breakfast (while in Chennai) at Geetham - Urapakkam branch - No complaints, Satisfactory service, quality of food good. …",Geetham,2026-04-27
Geetham Veg Restaurant,Yesterday night at 9pm we went to have dinner but very bad experience faced in pani puri there was a flies when asked the waiter without taking seriously his reply was the flie is sick that the reason it couldn't able to fly. …,Geetham,2026-02-28
Geetham Veg Restaurant,"I visited Geetham restaurant (opposite the Airport Metro) today around 12:30 PM, and I am extremely disappointed with the service. A senior staff member in a yellow dress demonstrated a complete lack of professional etiquette. When I asked …",Geetham,2026-04-24
Geetham Veg Restaurant,"Great food and good service. Valet car parking is available. Dessert varieties are available. Open till 2 AM now. South Indian North Indian ,shakes, Chinese Chats sweets N savories.",Geetham,2026-05-21
"Geetham Veg Restaurant   Vettuvankeni, ECR",Very good ambiance. Premium pricing as in all their branches. Very courteous polite & prompt service.  Well groomed neatly dressed staff.  Some of the items were not up to the standards of Geetham.  Mentioned in the photos individually. ( Please see if interested ) Plenty of car parking & disabled friendly restaurant.,Geetham,2026-05-21
"Geetham Veg Restaurant   Vettuvankeni, ECR",Tasty dosa and ice creams. Triple fried rice was ok. Service was good and staff were friendly. Ample parking spot.,Geetham,2026-01-11
"Geetham Veg Restaurant   Vettuvankeni, ECR","Newly opened Geetham on ECR at Vettuvankeni is definitely worth a visit! We went there for a Sunday lunch, and since the crowd was moderate, there was no waiting time. …",Geetham,2026-04-11
"Geetham Veg Restaurant   Vettuvankeni, ECR","Had an amazing dining experience today. The food was excellent, especially the Hyderabadi veggie biryani, which was packed with flavor. I wrapped up the meal with a truly unique and delicious rasmalai kunafa. highly recommend trying it! …",Geetham,2025-12-14
"Geetham Veg Restaurant   Vettuvankeni, ECR","Good location on ECR with good catchment area, good parking, still new restaurant in 2026. …",Geetham,2026-01-19
"Geetham Veg Restaurant   Vettuvankeni, ECR","Had a wonderful experience with the service provided by Silambarasi. She was very fast, attentive, and truly understood our needs perfectly. Her hospitality and professionalism made our stay even better. She is definitely a great asset to the hotel. Highly appreciated!",Geetham,2026-01-06
"Geetham Veg Restaurant   Vettuvankeni, ECR","Captain Lalitha has...very stupendous, sweet, polite,great hospitality... behaviour! Keep her business!",Geetham,2026-04-23
"Geetham Veg Restaurant   Vettuvankeni, ECR","Food was obviously food like other geethams , it's newly opened with very good parking space . Big menu and very good sambar .
. Service quality needs to be improved, i had long wait and reaching staff was difficult. Overall good food .",Geetham,2026-02-19
"Geetham Veg Restaurant   Vettuvankeni, ECR","Had a nice lunch at Geetham. It is a new outlet from their brand and the second one on the ECR. Located before A2B, if you’re coming towards Thiruvanmiyur.
Nice atmosphere and the service was good. …",Geetham,2025-12-21
"Geetham Veg Restaurant   Vettuvankeni, ECR","Very worst service in awaiting more than 1h, my order also not given properly I ask spicy but rec'd different.  Very very disappoint and worst experience here after not visiting this restaurant 😡😡 …",Geetham,2026-05-20
"Geetham Veg Restaurant   Vettuvankeni, ECR","The ambience was really good. Menu was top-notch. Food was tasty. We had quick lunch, meals, and paneer fried rice. We absolutely loved the paneer kebab. The meals was unlimited, which was really useful and fulfilling. Sambar rice in the quick lunch was tasted delicious. A big parking lot next to the hotel is an added advantage.",Geetham,2026-01-11
"Geetham Veg Restaurant   Vettuvankeni, ECR",Nice food and good taste. Very good service by gunasekaran and Saraswathi... Highly recommended...,Geetham,2026-01-26
"Geetham Veg Restaurant   Vettuvankeni, ECR","Worst Service we went with our family members of 5 peoples and while going to the table itself the manger directed to one table and while we are attempting to go to the table already it was equipped and people where consuming the food, and …",Geetham,2026-05-09
"Geetham Veg Restaurant   Vettuvankeni, ECR","Service was really good and food too
Silambarasi did a great job.
She made us all comfortable and happy",Geetham,2026-02-09
"Geetham Veg Restaurant   Vettuvankeni, ECR",We came for the pre order Tamil new year meal .in 11 o clock slot the food was good,Geetham,2026-01-15
"Geetham Veg Restaurant   Vettuvankeni, ECR","CAPTAIN LALITHA
I had a wonderful experience at geetham today. The food and the service was excellent. I look forward to come here soon!
Would definitely recommend to my family and friends",Geetham,2026-03-18
"Geetham Veg Restaurant   Vettuvankeni, ECR",This what you get if you order ghee masala dosa from Geetham injambakkam!! Paid 235 rs for this dosa. People come to you for your quality please don’t cheat them. If you charge high..your quality should also be the same! Beware people!,Geetham,2026-05-30
"Geetham Veg Restaurant   Vettuvankeni, ECR","Good good choices, good ambience and good taste too. silambarasi gave very good service. She was very professional and courteous 👏👏 …",Geetham,2026-03-23
"Geetham Veg Restaurant   Vettuvankeni, ECR",Captain Lalitha 's service was very good. Food taste was pretty good,Geetham,2026-01-13
"Geetham Veg Restaurant   Vettuvankeni, ECR",Quality of food degraded over the years. Traditional tamilnadu meals quality is no more available in this resturant. High content of oil in every dish makes it unhealthy to eat at this place. Resturant management should concentrate of food quality. Service and Atmosphere is decent and fast.,Geetham,2026-03-20
"Geetham Veg Restaurant   Vettuvankeni, ECR","Had lunch here recently and the food was truly the highlight—everything we ordered was delicious and well-prepared. However, the service left a bit to be desired. While the staff were friendly, we found ourselves waiting quite a while for …",Geetham,2026-06-02
"Geetham Veg Restaurant   Vettuvankeni, ECR","Had a good dining experience at Geetham Veg Restaurant. We ordered mushroom soup, paneer butter masala, garlic naan, and malai paneer, and everything tasted really good. The flavors were well balanced, and the dishes were fresh and …",Geetham,2026-04-19
"Geetham Veg Restaurant   Vettuvankeni, ECR","This place is an absolute flavor fiesta! 🥳 Every bite was a delightful dance on my taste buds. The food was so good, I almost hugged the chef! Seriously, it was beyond tasty and utterly delicious. 😋 A total winner! 🎉🍽️ …",Geetham,2025-12-10
"Geetham Veg Restaurant   Vettuvankeni, ECR",Service very good captain Arul Jothi waiter raju good service,Geetham,2025-12-14
"Geetham Veg Restaurant   Vettuvankeni, ECR",Silambarasi served us extremely well and was very happy with the service. Food was excellent too. All the best,Geetham,2026-04-30
"Geetham Veg Restaurant   Vettuvankeni, ECR","Very worst restaurant , it's a very bed experience .
I ordered one set poori for that they take 2 hrs to deliver.
Please don't go to this restaurant. Worst ever",Geetham,2026-03-22
"Geetham Veg Restaurant   Vettuvankeni, ECR",Food was average not as good as T Nagar and Ashok Nagar. Service was not that great. They took forever to clear the table. People who take orders are not proactive. We waited for almost 20 minutes for someone to attend to us for followup …,Geetham,2026-01-05
"Geetham Veg Restaurant   Vettuvankeni, ECR","We dined at Geetham Veg Restaurant with family and had a great time. The food was delicious and served fresh. Mr. Balamurugan, Mr. Marimuthu Capt, and Manager Praveen took such good care of us with their amazing service and smiles. We’ll be back again!",Geetham,2026-04-25
"Geetham Veg Restaurant   Vettuvankeni, ECR",Loved the food there. Idlis were soft and the sambar was tasty. Masala dosa was good too. Paneer manchurian was very good. Best starter. Excellent service by Silambarasi and Mr. Gunasekaran. This branch of Geetham is very well maintained.,Geetham,2025-12-24
"Geetham Veg Restaurant   Vettuvankeni, ECR","Lalitha
Food and the service is perfect
Very good customer care",Geetham,2026-03-09
"Geetham Veg Restaurant   Vettuvankeni, ECR","Nice ambience , clean restrooms , lovely food.. i love how they maintain their standards with consistency with respect to food.. loved their pista rose kunafa totally.. everything was delivered without delay, nice service.. overall a great experience!  ♥️💐 …",Geetham,2026-01-20
"Geetham Veg Restaurant   Vettuvankeni, ECR","Food quality because less compared with other branch
Silambrasi service was good",Geetham,2026-04-12
"Geetham Veg Restaurant   Vettuvankeni, ECR",Captain lalitha superb service and good food supplies good caring customers,Geetham,2026-06-06
"Geetham Veg Restaurant   Vettuvankeni, ECR","Captain Lalitha , nice service good care, superb food",Geetham,2026-02-10
"Geetham Veg Restaurant   Vettuvankeni, ECR",Captain Lalitha and waiter promod was very good at serving us. We orders dosa and it was dark she replaced it for us TQ geetham ❤️,Geetham,2026-03-15
"Geetham Veg Restaurant   Vettuvankeni, ECR","Had coffee and kesari today, which are always my Geetham favorites. But I was totally disappointed with the coffee. First, they brought it very light (almost no decoction, just more milk), and the next time, it had floating coffee dust …",Geetham,2026-01-30
"Geetham Veg Restaurant   Vettuvankeni, ECR",Captain - lalitha - she was too good and service was good and meals was also nice. Had a great lunch,Geetham,2026-03-15
"Geetham Veg Restaurant   Vettuvankeni, ECR",I will give 5 star for food and ambiance but for service my rating will go to negative. I have not posted any comments for restaurant till now but after my experience in Geetham I want to post a comment. They don’t have proper crowd …,Geetham,2026-04-20
"Geetham Veg Restaurant   Vettuvankeni, ECR","Poor service. The guy at billing doesn’t have a clue in what is available
I have come to get parcel and I am waiting for 30 mins, meantime so many Swiggy person have collected and left. Such is the status of customers. I should avoid coming here again. Very bad. 30 mins and no food yet",Geetham,2026-05-09
"Geetham Veg Restaurant   Vettuvankeni, ECR",Ms.silambarasi service was so good and treated me so kindly as my relation,Geetham,2026-05-01
"Geetham Veg Restaurant   Vettuvankeni, ECR",Beat accompany to serve ever…. All the best good goin Lalitha,Geetham,2026-05-29
"Geetham Veg Restaurant   Vettuvankeni, ECR","Food taste not good, Ordered panner platter not cooked properly, Dosa was salty... Service I don't have option to give negative it's very very worst",Geetham,2026-01-07
"Geetham Veg Restaurant   Vettuvankeni, ECR","⭐⭐⭐⭐⭐

Outstanding service by Gunasekar! His professionalism, attention to detail, and …",Geetham,2026-01-14
"Geetham Veg Restaurant   Vettuvankeni, ECR",Captain Lalitha done good service for us at right time,Geetham,2025-12-22
"Geetham Veg Restaurant   Vettuvankeni, ECR",Food and service was very nice.Silambarasi who served us food was Calm and patience.Worth the penny.,Geetham,2026-05-18
"Geetham Veg Restaurant   Vettuvankeni, ECR","Food tastes good. Very poor service.
Too many staff are standing but no one is responding",Geetham,2026-02-18
"Geetham Veg Restaurant   Vettuvankeni, ECR","Service by ms silamparasi was excellent..food was very tasty, it would have been nice if they served tiffin items during lunch time also..AC needs to be better",Geetham,2026-03-05
"Geetham Veg Restaurant   Vettuvankeni, ECR",Good food. 10/10 for a family weekday dinner. Special mention to Mr Gunasekhar.,Geetham,2026-01-06
"Geetham Veg Restaurant   Vettuvankeni, ECR","Service was good and taste was really nice.
Lalitha from vettuvakanni branch she was really good.",Geetham,2026-02-13
"Geetham Veg Restaurant   Vettuvankeni, ECR","Good ambience. Good food.
Extremely slow service spoils the experience",Geetham,2026-05-28
Geetham Veg Restaurant   Koyambedu,Be ready to wait for a table on the weekends. Be patient for the waiter to attend to you. Be calm until the order is served to you leisurely after placing the order. …,Geetham,2026-01-23
Geetham Veg Restaurant   Koyambedu,Wonderful ambiance and good taste Captain Mr.Vasanth Kumar and Service Mr.Rajan Kumar excellent in service..,Geetham,2026-02-09
Geetham Veg Restaurant   Koyambedu,Newly opened restaurant. Excellent service and the food is absolutely delicious. Will definitely visit again.,Geetham,2026-04-22
Geetham Veg Restaurant   Koyambedu,"Went to Geetham Restaurant for breakfast. The place was clean and calm, prices were reasonable and portions were good. Service was also quick without much waiting. Would definitely visit again for lunch/dinner when I am around Koyembedu.",Geetham,2026-01-06
Geetham Veg Restaurant   Koyambedu,"We are extremely happy with the quality of food, courteous services by the staff and the overall arrangement.
Very well located, ample space for sitting and also car park",Geetham,2026-01-06
Geetham Veg Restaurant   Koyambedu,Food taste was horrible. Service was too bad. Not responding properly. Very rude behaviour with customer. I will give 0 star if available. Don't go there. We went with family but it was bad experience,Geetham,2026-03-27
Geetham Veg Restaurant   Koyambedu,"Review: A Reliable Choice for South Indian Flavors at Koyambedu
Rating: ⭐⭐⭐⭐ (4/5) …",Geetham,2026-01-22
Geetham Veg Restaurant   Koyambedu,"New Geetham branch in the area. Big property with parking facility and bang opposite to the koyembedu bus stand. I was attended to by Mr. Rajan, who was kind enough to suggest the chettinad mini tiffin. The taste and variety in the plate …",Geetham,2026-03-03
Geetham Veg Restaurant   Koyambedu,"Good food not a great ambience.Looks like the work is unfinished....will check out again.
Though the parota ordered was tasty...it was definitely not prepared hot, it was …",Geetham,2026-01-08
Geetham Veg Restaurant   Koyambedu,"We ordered gonguva Idly
And poori and I forgot that name. But it’s tooo good , and most tastefull. We must try as a vegetarians. In opposite of Koyambedu bus station.",Geetham,2026-02-22
Geetham Veg Restaurant   Koyambedu,"Excellent choices of vegeterian food, staff was very friendly and helpful. Overall great experience",Geetham,2026-04-16
Geetham Veg Restaurant   Koyambedu,"Food is good but Very poor service, better avoid for family outings.  Need to wait for gravy or even for dosas .",Geetham,2026-03-11
Geetham Veg Restaurant   Koyambedu,"Geetham is always the best place to have a good vegetarian foods in chennai.This branch is located opposite to the Koyambedu Bus stand which will be best for bus travellers.And I had a Ghee onion rava dosa, Rasamalai and Coffee.The coffee …",Geetham,2026-04-17
Geetham Veg Restaurant   Koyambedu,Amazing place for a good food. The Thenga Paal Kanji was so good as a healthy breakfast as well as good comfort Food. Liked it so much I took a parcel to eat at home later as it is available only for breakfast. The service was really hospitable with Mr Subramaniam. Thank you for your recommendation and constantly looking out sir.,Geetham,2026-04-09
Geetham Veg Restaurant   Koyambedu,Worst service. I had to wait for more than 45 mins jus to get takeaway. Rude behaviour by staff. Literally shooed me away for asking about my takeaway. For this experience I paid 1k. Not at all recommended.,Geetham,2026-01-05
Geetham Veg Restaurant   Koyambedu,"""We had a wonderful dining experience at Geetham Restaurant during our Chennai trip. The ambiance was lovely, and the food was delicious. The service from Renuka and Abhija was exceptional - very professional and attentive. We thoroughly enjoyed our meal and look forward to visiting again soon!"" 😊 …",Geetham,2026-04-09
Geetham Veg Restaurant   Koyambedu,"Very worst waiting time ever. I waited 20 minutes just to get my first single dosa order. Then for the second dosa, they took another 30 minutes and still didn’t serve it. No proper update, no concern from the staff, and customers were left …",Geetham,2026-04-04
Geetham Veg Restaurant   Koyambedu,SERVICE:- NEEDS TREMENDOUS IMPROVEMENT. VERY SLOW TO TAKE ORDERS. NEED TO CALL THE SERVERS TO TAKE ORDERS …,Geetham,2025-12-12
Geetham Veg Restaurant   Koyambedu,I like the scan QR and having token for customer seats to eat. Limited neat and decoration so good. Too crowd around night. Sometimes the waiters get confused about customer orders. Example I asked for plain dosa and my father asked for one …,Geetham,2026-03-22
Geetham Veg Restaurant   Koyambedu,"The food here is excellent, and the service by Mrs. Renuka and Maheshwari was incredibly warm and hospitable, making us feel right at home. Everything we tried was delicious. They also offer a great variety of Jain food options. If you’re …",Geetham,2026-05-13
Geetham Veg Restaurant   Koyambedu,They serve very tasty food and staff is very nice. It is worth spending money here,Geetham,2026-04-25
Geetham Veg Restaurant   Koyambedu,We came to this restaurant for an anniversary dinner. Mr. Siva helped to reserve tables for us by relaying the reservation request to his colleagues. They made arrangements before we arrived. There was wide spread menu and all dishes we had …,Geetham,2026-02-09
Geetham Veg Restaurant   Koyambedu,"Visited this place for breakfast and had a good experience. We went during a slightly busy time, but the service was still prompt. The food was tasty and felt fresh. Would definitely visit again!",Geetham,2026-05-23
Geetham Veg Restaurant   Koyambedu,Waiter Nayaki and Captain Hemanth were outstanding ! Food was different,Geetham,2026-01-29
Geetham Veg Restaurant   Koyambedu,A little stone found in south thali and when we did asked service they did give proper answers to us and sometime food taste also not same taste as daily...etc,Geetham,2026-05-30
Geetham Veg Restaurant   Koyambedu,"Very nice experience and ambiance was very nice.over all service was very good.
The Raja mushroom was ok.. but not awesome…",Geetham,2026-05-10
Geetham Veg Restaurant   Koyambedu,"Tasty and Quality food. One of the Best place for pure veg. Open until 2 AM. Service is good and also plenty of place to sit. No need to wait or Sit next to some strangers during busy time, lot of tables available. For middle class once or twice a months is ok to spend in this place because of price range.",Geetham,2026-02-06
Geetham Veg Restaurant   Koyambedu,The workers are not trained. We need to wait very long before we can order. Fruit juice hopeless. One of the distasteful I have drank. 🤮 …,Geetham,2026-04-06
Geetham Veg Restaurant   Koyambedu,Excellent service from Vinod and shankar. Loved the Mango cheese kunafa,Geetham,2026-05-18
Geetham Veg Restaurant   Koyambedu,Good service by staff Venila and Maheshwari. Over priced food and atmosphere and location is good,Geetham,2026-03-15
Geetham Veg Restaurant   Koyambedu,Ordered masala dosa and masala parotta via swiggy my major concern is food is not all hot both the dishes food arrived within 30 mins both food taste it cooked already not little hot and portion of masala parotta added is full of capsicum …,Geetham,2026-06-07
Geetham Veg Restaurant   Koyambedu,"Geetham restaurant was really amazing and Khatija mam who served us was really polite and served so well.We ate Breakfast,Lunch and dinner and it was really an amazing experience. Do come with family and enjoy your Meals!😍😍👌🏼 …",Geetham,2026-04-01
Geetham Veg Restaurant   Koyambedu,I have ordered ghee roast and chilli porata...ghee roast was very chill..staff just supplying orders not serving.... I almost finished my dosa and still my partner didn't receive the chilli porata.. taste and quantity very low ..Poor.. SERVICE... DISAPPOINTED,Geetham,2026-02-09
Geetham Veg Restaurant   Koyambedu,"This place has good healthy options for breakfast like the conjee and the red rice pongal, which was super tasty. They also have different types of idlis in the menu which is very interesting. Kathija was super welcoming and helpful in recommending breakfast. Will definitely come back and try other options.",Geetham,2026-01-30
Geetham Veg Restaurant   Koyambedu,Had a good Ilai virundhu on 14-Apr-26. Awesome lunch and the service is also excellent.  Personal caring by Pavithra,Geetham,2025-12-21
Geetham Veg Restaurant   Koyambedu,"The Geetham brand continues to spread across the city.

This Koyembedu outlet, which opened last week, is their latest one. …",Geetham,2026-01-17
Geetham Veg Restaurant   Koyambedu,"Poor service and cold food. We waited a long time only to be disappointed. No one at the restaurant was willing to address our complaints. For the price they charge, the experience was not worth it at all. Very disappointed family outing. …",Geetham,2026-04-18
Geetham Veg Restaurant   Koyambedu,"Food also nice , I forgot my wallet in restaurant, after 10mins they called me gave it back through Aadhar card , thanks for support",Geetham,2026-04-19
Geetham Veg Restaurant   Koyambedu,"Had a great experience! The food was delicious, service was quick, and the ambience was really pleasant. …",Geetham,2026-04-01
Geetham Veg Restaurant   Koyambedu,"I tried Idly , Vada & Vadacurry. Combination and taste is good.",Geetham,2026-03-20
Geetham Veg Restaurant   Koyambedu,"Great location, nice atmosphere and superb service..

While the meals we had was great, the fried rice was avg and salty, and gobi …",Geetham,2026-04-01
Geetham Veg Restaurant   Koyambedu,"Had the Mini Tiffin at Geetham Koyambedu Veg Restaurant, and it was excellent. Every item was fresh, tasty, and served hot. The highlight for me was the sweet included in the mini tiffin—it was absolutely delicious, perfectly balanced, and …",Geetham,2026-02-28
Geetham Veg Restaurant   Koyambedu,I recently visited the Hotel Geetham Restaurant Koyambedu branch. Service was really excellent and the food quality was superb. Everything we ordered was tasty and served fresh. …,Geetham,2026-04-01
Geetham Veg Restaurant   Koyambedu,"Very good food, clean environment good service. Khadija was very helpful, kind and eager to serve us.",Geetham,2025-12-11
Geetham Veg Restaurant   Koyambedu,A premium experience @ reasonable price. Our captain Mr Saravanan in first floor was very kind and helpful. Would definitely recommend for all vegeterians in Chennai. …,Geetham,2026-04-18
Geetham Veg Restaurant   Koyambedu,Excellent service by Captain Katheeja and team. Great food.,Geetham,2026-02-01
Geetham Veg Restaurant   Koyambedu,Really a hygienic and pleasant environment. The foods are plenty and awesome. Katheeja and Baskar's hospitality and service are exceptional!,Geetham,2026-03-06
Geetham Veg Restaurant   Koyambedu,Poor service for meals we waited for almost 1hr and no one is properly responding. …,Geetham,2026-04-17
Geetham Veg Restaurant   Koyambedu,A great location - a relatively calm and clean area amidst the bustling chaotic Koyembedu area and same taste as other Geetham. The staples Chutney sambhar and idly : podi idly are consistent with the Geetham brand. Has ample parking + …,Geetham,2026-05-05
Geetham Veg Restaurant   Koyambedu,"Ample parking space,close to Koyambedu bus stand
Has good varieties,but quite costly.oil content to be reduced.
Pan quality was not good,burnt my tongue",Geetham,2026-04-14
Geetham Veg Restaurant Mount Road,The Geeta restaurant in the Mount is really good for vegetarian who are coming to Chennai. The prices are decent. The taste is okay and the variety of the food that is available is also fair enough. The service can be little bit improved. …,Geetham,2026-04-18
Geetham Veg Restaurant Mount Road,"I ordered sambar rice from Geetham through Swiggy and was quite disappointed with both the quantity and quality. The box was mostly filled with shallots, and the portion size felt more suitable for a child rather than a proper meal. …",Geetham,2026-01-31
Geetham Veg Restaurant Mount Road,"Been to Chennai many times, but this was my first visit to Geetham. Tried their breakfast today and it was a truly good experience. …",Geetham,2026-05-30
Geetham Veg Restaurant Mount Road,"Worst service
Hair in sambhar,
Wrong billing , …",Geetham,2026-05-18
Geetham Veg Restaurant Mount Road,We had mini tiffin and masala dosa here as posted in photos. The quality of the food is good and taste too but the pricing is high. Can not recommend to have it for everyday only for special occasions,Geetham,2026-05-18
Geetham Veg Restaurant Mount Road,"Today, around 10 members of our family visited the Mount Road branch of Geetham for lunch. …",Geetham,2026-02-15
Geetham Veg Restaurant Mount Road,Geetham is always one of the highly recommended vegetarian restaurant in chennai.Today we went to geetham near lic metro station.We had a plain dosa and idly and mini filter coffee.All the food were very good especially vadacurry for idly is top-notch.And the service and ambience was very good.Must visit geetham restaurant in chennai.,Geetham,2026-06-10
Geetham Veg Restaurant Mount Road,"After watching ICC T20 match,headed straight here with family at about 11.30pm, and yes we had to wait for a while. They have a phone bookings system, where once our table is ready, we receive a message 🙂. No more name's being called out. …",Geetham,2026-04-11
Geetham Veg Restaurant Mount Road,I visited the mount road branch many times before. Today is a saddening experience. First i ordered panner tikka biriyani  medium . They didn't told me while ordering there is no medium only large. Only at the bill i came to know medium is …,Geetham,2026-05-03
Geetham Veg Restaurant Mount Road,"""Major Hygiene Fail & Shocking Staff Admission""

I’ve always seen Geetham as a premium spot, but my experience on 11 Jan was …",Geetham,2026-01-16
Geetham Veg Restaurant Mount Road,A must visit veg restaurant in Chennai. Any locations you choose they are the best. …,Geetham,2026-01-02
Geetham Veg Restaurant Mount Road,"One of Finest Vegetarian Restaurant on Mount Road near LIC. Lip smacking dishes , quicker delivery and nice ambience makes this restaurant a must visit for any food lover. …",Geetham,2026-02-16
Geetham Veg Restaurant Mount Road,"Worst food ever had amongst all Geetham
They asked to place last order and served every dish like they just wanted to wrap up with whatever they have.. Paneer Biryani was like fried rice and veg …",Geetham,2026-04-04
Geetham Veg Restaurant Mount Road,The purely vegetarian food was good and the place was spacious and ambience was good . We met Mr. Vishnu Choudri who served us very well. Thanks to him . They had a parking space which was so spacious.  Wheel chair access parking and entry very good.,Geetham,2026-03-17
Geetham Veg Restaurant Mount Road,"I recently visited Geetham Restaurant for breakfast and ordered idly along with a coffee. Unfortunately, the experience did not meet my expectations. …",Geetham,2026-04-27
Geetham Veg Restaurant Mount Road,One of the best vegetarian restaurant in mount round Chennai with great car parking & ambience. …,Geetham,2026-05-02
Geetham Veg Restaurant Mount Road,"The meals here were overpriced for the quality and taste. The food was just average, nothing special, and definitely didn’t feel worth the amount charged. Service was okay, but overall it wasn’t a satisfying experience for the price paid.",Geetham,2026-03-16
Geetham Veg Restaurant Mount Road,It's the best vegetarian hotel enroute pondicherry/Chidambaram from Chennai. Loved the food and the authenticity with which they serve. Better than any other hotels like A2B. The chikku kesari they served with the breakfast combo is too good,Geetham,2026-04-12
Geetham Veg Restaurant Mount Road,"We had visited Geetham mount road this  evening and here is my review. Our thanks to Admin Manager Ebenezer who guided us politely from the parking, Mahalakshmi AM for seating arrangements, Captain Arjun and waiter Anuj for their wonderful …",Geetham,2026-02-17
Geetham Veg Restaurant Mount Road,I visited this place during weekend along with my family. Ample car space was available along with vallet parking facility. …,Geetham,2026-03-12
Geetham Veg Restaurant Mount Road,"Geetham is truly one of the **BEST restaurants in Chennai**! From the moment you step in, the **ambience sets the tone** for a memorable dining experience. The food was flawless — every dish came with **bursting flavors, authentic taste, …",Geetham,2025-12-12
Geetham Veg Restaurant Mount Road,"Large in capacity. Ample parking spaces. Prime location on Anna Salai. And open for 20 hours in a day. It's always crowded. But I was very disappointed. I went there twice this week, and never again. The kuzhi panniyarams were served cold. …",Geetham,2026-05-06
Geetham Veg Restaurant Mount Road,"Geetham Restaurant on Mount Road, Chennai, offers a great mix of South Indian and North Indian cuisine in a clean and welcoming ambiance. The food is flavorful, with well-balanced spices, and the service is prompt. Their dosas and filter …",Geetham,2026-05-22
Geetham Veg Restaurant Mount Road,"I recently visited two branches of Geetham Veg, a popular vegetarian restaurant chain in Chennai, and had a very pleasant experience at both. …",Geetham,2026-05-05
Geetham Veg Restaurant Mount Road,Tried this branch since Geetham normally is a trusted chain of restaurant. The restaurant is centrally located with ample parking. …,Geetham,2026-03-09
Geetham Veg Restaurant Mount Road,"One of the best options for vegetarians. Had a delicious dosa that was fresh and tasty. Ample parking space and good service. Overall, a pleasant experience.",Geetham,2026-05-05
Geetham Veg Restaurant Mount Road,Worst ever breakfast experience today 19/04/26 @ Geetham Veg restaurant Mount road on Table no 85. Medu Vada was served cold without coconut chutney & when  requested for it was told it's under preparation. Waited for some time but not …,Geetham,2026-05-06
Geetham Veg Restaurant Mount Road,Just visited Geetham Mount road and just typing this rn. We just wanna order a Biscoff gunafa but then the waiter literally insisted I mean like INSISTED to get a Rasamalai Kunafa which he mention was the signature special of the restaurant …,Geetham,2026-03-15
Geetham Veg Restaurant Mount Road,They had very good ambience. Their food tasted good and the service was good. Overall a good place to stop by for food.,Geetham,2026-01-30
Geetham Veg Restaurant Mount Road,"excellent authentic food. it was near to our place of stay so we decided to try something on our afternoon stroll. we tried filter coffee, idli podi and taste was very authentic. highly recommend.",Geetham,2026-05-19
Geetham Veg Restaurant Mount Road,"An exquisite tasteful menu, with a variety of choices from pick, was utterly delicious and sumchutious. …",Geetham,2026-05-26
Geetham Veg Restaurant Mount Road,Good food with great service. Spacious and clean with ample car parking.,Geetham,2026-04-16
Geetham Veg Restaurant Mount Road,"You’re going to love the newest addition to the Geetham branded restaurants. It's located right on Anna Salai, offers ample parking and easy access. The interior boasts comfortable, well-designed dining areas and their signature menu that …",Geetham,2026-01-17
Geetham Veg Restaurant Mount Road,"The New Gold Standard: Geetham Leads the Way
It is time to admit that the torch has been passed. Geetham Veg Restaurants have officially emerged as the new, undisputed leaders of South Indian cuisine, …",Geetham,2026-03-01
Geetham Veg Restaurant Mount Road,"Due to heavy demand, ordered for parcel however wait time was 30 mins and no one called. When I enquired representative in the front door he said to wait they will call . When I told him already 20 mins gone he asked me to check wr I …",Geetham,2026-03-23
Geetham Veg Restaurant Mount Road,One of the best places for veg food. Standing in the line is quite frustrating but the food is brought to your table at lightning speed. The taste is good and the service is exceptional.,Geetham,2026-04-17
Geetham Veg Restaurant Mount Road,My husband and I had our daughter's 1st birthday celebration there. The hall was very new and spacious. They did a great job doing the decor. The food in the buffet was really good and remained consistent with how it tastes at the restaurant. I'd definitely recommend this place to host any sort of celebrations,Geetham,2025-12-20
Geetham Veg Restaurant Mount Road,"Restaurant is very good, comforting and have very nice ambience. Food is very good, all vegetarian menu and tastes very good. Staff is also very nice, quite friendly and also able to understand hindi. Menu is very vast including chinese, …",Geetham,2026-06-05
Geetham Veg Restaurant Mount Road,Excellent food taste much better. Problem is the waiting time to serve customer you need to wait at least 20 - 30 to start eating the food because first of all to get seat itself will take 15-20 minutes then after ordering will take another …,Geetham,2026-05-09
Geetham Veg Restaurant Mount Road,"I visited Geetham Veg in Chennai Central for dinner on New Year’s Day. While my experience began with challenges, it ended on a positive note, thanks to the exemplary service by the floor manager, Mr. Veera. …",Geetham,2026-05-17
Geetham Veg Restaurant Mount Road,"I came to Chennai for attending an event, there one guy by connections and even the Rapido guy suggested me to try food here! Pure Vegetarian resturant with snacks, tiffins, fried rice, afternoon meals, beverages and others! …",Geetham,2026-01-20
Geetham Veg Restaurant Mount Road,Foods are very good but service is ZERO even food server don’t understand TAMIL AND ENGLISH in TAMILNADU what’s culture this? …,Geetham,2026-03-18
Geetham Veg Restaurant Mount Road,"Food was okay. Service was slow and rude. Their focus is elsewhere and no concentrating on what we are ordering. Suggesting completely different than what we asked or even the ones we said we definitely do not want, suggesting the same like …",Geetham,2025-12-16
Geetham Veg Restaurant Mount Road,Good veg restaurant on the busy mount road with sufficient parking space. Good choice of usual food varieties and also tasty too. Little costlier but no other restaurant nearby. Service is good. Maintenance is neat. It also has a small function hall on the first floor. First time visited and good experience.,Geetham,2026-05-02
Geetham Veg Restaurant Mount Road,"The food tasted very good. Especially the chutney and sambar tastes very good. The only problem is, the paper roast served is not crispy. I tried it twice and it is very soft like a normal one. In night times they don't have Chole bhature …",Geetham,2026-03-09
Geetham Veg Restaurant Mount Road,Geetham food is always extraordinary. But on top of that service is exceptional. I like how the staff is very friendly and welcoming especially Mahalakshmi was smart and quick in decision making. I wish her all the best for her future career heights. Thank you❤️,Geetham,2026-03-31
Geetham Veg Restaurant Mount Road,"The restaurant is huge and it’s fully air conditioned. There is good amount of parking space available.
The waiting staff have a welcoming attitude. I believe the supervising staff are …",Geetham,2026-02-07
Geetham Veg Restaurant Mount Road,"I sent my office attender to purchase breakfast from your restaurant. When he approached the front desk and requested a menu card, your cashier informed him that no printed menu card was available and he said yet print. …",Geetham,2026-04-01
Geetham Veg Restaurant Mount Road,"Available till almost 2 ample food varieties,quite costly though
Liked the carrot halwa that come with full breakfast
Excellent parking,right on the main road",Geetham,2025-12-11
Geetham Veg Restaurant Mount Road,"One of the best Pongal platters.
Amazing taste and i enjoyed every bite.
Beautiful and neat packaging.",Geetham,2026-04-17
