branch,review,restaurant,source_file,review_text,predicted_issue_category,confidence,issue_cluster,emotion,emotion_conf,urgency_score,escalate
Adyar+Ananda+Bhavan+ +A2B,"i have ordered idly and sambar through swiggy for my mother who had her surgery, i have found a live insect in sambar while feeding her. this type of unsafe preparation of food from the reputed brand is shocking and …",A2B,data\raw_reviews\Google Reviews\a2b_reviews_tamilnadu_Google_Reviews.csv,"i have ordered idly and sambar through swiggy for my mother who had her surgery, i have found a live insect in sambar while feeding her. this type of unsafe preparation of food from the reputed brand is shocking and …",Food Quantity & Value for Money,0.59,Food Quantity & Value for Money,neutral,heuristic,8,True
Adyar+Ananda+Bhavan+ +A2B,gone worst. sweets are very old stock. the very next day its got rotten. but the bill is so expensive... not worthy at all. bad customer service. no respect at all. we have to wait nearly 20 to take the order. my foot😡 …,A2B,data\raw_reviews\Google Reviews\a2b_reviews_tamilnadu_Google_Reviews.csv,gone worst. sweets are very old stock. the very next day its got rotten. but the bill is so expensive... not worthy at all. bad customer service. no respect at all. we have to wait nearly 20 to take the order. my foot😡 …,Food Quantity & Value for Money,0.6,Food Quantity & Value for Money,betrayal,heuristic,7,True
"Karur Bypass, Trichy",this hotel is not worth for what we are paying food is too costly for an sambar rice .after eating the briyani i got vomit every thing worst food i have ever eaten 🤮🤮🤮🤮🤮.don't waste your money in this hotel nowadays sangeetha is worst.also …,Sangeetha,data\raw_reviews\Google Reviews\sangeetha_reviews_with_branch.xlsx,this hotel is not worth for what we are paying food is too costly for an sambar rice .after eating the briyani i got vomit every thing worst food i have ever eaten 🤮🤮🤮🤮🤮.don't waste your money in this hotel nowadays sangeetha is worst.also …,Food Quantity & Value for Money,0.32,Food Quantity & Value for Money,betrayal,heuristic,7,True
SRI ANNAPOORANA Pure Veg,"worst taste, cockroaches roaming here n there , worst taste of chapati and parota per cooked chapati and parota is served again just by heating again for 100₹ not even worth for 50₹ price is too high not worth not worth for 1 star even.",Sree Annapoorna,data\raw_reviews\Google Reviews\sree_annapoorna_Google_reviews_tamilnadu.csv,"worst taste, cockroaches roaming here n there , worst taste of chapati and parota per cooked chapati and parota is served again just by heating again for 100₹ not even worth for 50₹ price is too high not worth not worth for 1 star even.",Slow Service & Staff Negligence,0.2033333333333333,Slow Service & Staff Negligence,betrayal,heuristic,7,True
Adyar+Ananda+Bhavan+ +A2B,"i have been to many outlets of a2b, but the outlet in this area and my experience was not at all good, i found the staff really rude and disrespectful, also the quality off food they have served was really bad, and hygiene i will rate 0, i …",A2B,data\raw_reviews\Google Reviews\a2b_reviews_tamilnadu_Google_Reviews.csv,"i have been to many outlets of a2b, but the outlet in this area and my experience was not at all good, i found the staff really rude and disrespectful, also the quality off food they have served was really bad, and hygiene i will rate 0, i …",Food Quantity & Value for Money,0.41,Food Quantity & Value for Money,frustration,heuristic,6,True
Adyar+Ananda+Bhavan+ +A2B,worst service at 10am. no server to ask for food. fight between servers as to who will serve which table and one table no one was ready to serve. that too when crowd was negligible. how are we supposed to know to not sit at table where we …,A2B,data\raw_reviews\Google Reviews\a2b_reviews_tamilnadu_Google_Reviews.csv,worst service at 10am. no server to ask for food. fight between servers as to who will serve which table and one table no one was ready to serve. that too when crowd was negligible. how are we supposed to know to not sit at table where we …,Food Quantity & Value for Money,0.1366666666666667,Food Quantity & Value for Money,frustration,heuristic,6,True
Tirupur Sree Annapoorna,"stale food served, no parking, stinking atmosphere, rude service, a very bad experience",Sree Annapoorna,data\raw_reviews\Google Reviews\sree_annapoorna_Google_reviews_tamilnadu.csv,"stale food served, no parking, stinking atmosphere, rude service, a very bad experience",Parking & Accessibility,0.62,Parking & Accessibility,frustration,heuristic,6,True
Tirupur Sree Annapoorna,my friend and me went there.in our rasam rice there was an iron rod.in curd a cockroach 🪳.we fought for this but they didn't listen . the staffs were rude too.and everything was dirty. …,Sree Annapoorna,data\raw_reviews\Google Reviews\sree_annapoorna_Google_reviews_tamilnadu.csv,my friend and me went there.in our rasam rice there was an iron rod.in curd a cockroach 🪳.we fought for this but they didn't listen . the staffs were rude too.and everything was dirty. …,Cleanliness & Restroom Hygiene,0.3366666666666667,Cleanliness & Restroom Hygiene,frustration,heuristic,6,True
Tirupur Sree Annapoorna,the worst lunch i have ever tasted in this surrounding. i wonder if the officers or the food regulator of food safety and standards authority of india (fssai) ever inspected the hygiene and quality of food in this restaurant. it is very sad …,Sree Annapoorna,data\raw_reviews\Google Reviews\sree_annapoorna_Google_reviews_tamilnadu.csv,the worst lunch i have ever tasted in this surrounding. i wonder if the officers or the food regulator of food safety and standards authority of india (fssai) ever inspected the hygiene and quality of food in this restaurant. it is very sad …,Food Quantity & Value for Money,0.61,Food Quantity & Value for Money,neutral,heuristic,6,True
Hotel Devi Annapoorna,"very bad service and poor maintenance. the room was dirty, insects everywhere and the washroom condition was horrible. staff response is also very slow. this is one of the worst lodges i have ever stayed in namakkal waste of money. please avoid this lodge and hotel old food given hotel devi annapoorna international namakal",Sree Annapoorna,data\raw_reviews\Google Reviews\sree_annapoorna_Google_reviews_tamilnadu.csv,"very bad service and poor maintenance. the room was dirty, insects everywhere and the washroom condition was horrible. staff response is also very slow. this is one of the worst lodges i have ever stayed in namakkal waste of money. please avoid this lodge and hotel old food given hotel devi annapoorna international namakal",Food Quantity & Value for Money,0.4666666666666667,Food Quantity & Value for Money,frustration,heuristic,6,True
Adyar,thumb-up-fill negative quality terrible taste as stale food was reheated and served. rude staff behaviour (north indians). i would not suggest this food to any person.,A2B,data\raw_reviews\Trip advisor\TripAdvisorA2BchennaiReviews.csv,thumb-up-fill negative quality terrible taste as stale food was reheated and served. rude staff behaviour (north indians). i would not suggest this food to any person.,Staff Courtesy & Behaviour,0.2266666666666667,Staff Courtesy & Behaviour,frustration,heuristic,6,True
Restaurant_Review-g304556-d1118328-Reviews-Sangeetha_Gandhi_Nagar-Chennai_Madras_Chennai_District_Tamil_Nadu.html,"we went to breakfast. the place was busy but they had only 1 person to take order and 1 person to serve. so it was a painful process to get their attention. if there was additional order, i had to walk up to the person to give the order as he would not come near our tables. the food was as usual, but some items took more than 20 mins. what bothered me most was that the cockroaches on tables, in ac. what am i paying for? tried to talk to the staff but hey did not bother as they had people waiting.",Sangeetha,data\raw_reviews\Trip advisor\TripAdvisorSangeethaReviews.csv,"we went to breakfast. the place was busy but they had only 1 person to take order and 1 person to serve. so it was a painful process to get their attention. if there was additional order, i had to walk up to the person to give the order as he would not come near our tables. the food was as usual, but some items took more than 20 mins. what bothered me most was that the cockroaches on tables, in ac. what am i paying for? tried to talk to the staff but hey did not bother as they had people waiting.",Food Quantity & Value for Money,0.68,Food Quantity & Value for Money,frustration,heuristic,6,True
Chennai,"there is no coordination… after ordering, waiting half an hour… they are saying ordered food not available.again ordered revised…. then they forget that revised one and fighting … finally got the worst tasted food also…. eating the some flavored parota",Saravana Bhavan,data\raw_reviews\Trip advisor\TripAdvisorSaravanaBhavanReviews (1).csv,"there is no coordination… after ordering, waiting half an hour… they are saying ordered food not available.again ordered revised…. then they forget that revised one and fighting … finally got the worst tasted food also…. eating the some flavored parota",Food Quantity & Value for Money,0.6066666666666667,Food Quantity & Value for Money,frustration,heuristic,6,True
Anna Nagar East,"one of the worst experiences! i went at around 3:30pm to have some quick snacks as it was beyond lunch time. was waiting for close to 15 mins and a very rude server came and noted down my order for a onion rava dosa. after around 20 mins, i got my order. the sambar was chilled like ice, chutneys all spoiled and dosa burnt. i know i should have gotten up and left but i was extremely hungry that day and ended up eating it. when i asked for a sambar replacement, the server stared at me like i asked for some gold and did not get me till the end. anyway, 12hrs since that, i'm getting treated in hospital for food poisoning. will never recommend this place guys - highly disappointing!!",Sangeetha,data\raw_reviews\Zomato\ZomatoSangeethaReviews.csv,"one of the worst experiences! i went at around 3:30pm to have some quick snacks as it was beyond lunch time. was waiting for close to 15 mins and a very rude server came and noted down my order for a onion rava dosa. after around 20 mins, i got my order. the sambar was chilled like ice, chutneys all spoiled and dosa burnt. i know i should have gotten up and left but i was extremely hungry that day and ended up eating it. when i asked for a sambar replacement, the server stared at me like i asked for some gold and did not get me till the end. anyway, 12hrs since that, i'm getting treated in hospital for food poisoning. will never recommend this place guys - highly disappointing!!",Food Quantity & Value for Money,0.4966666666666666,Food Quantity & Value for Money,frustration,heuristic,6,True
Vadapalani,thumb-up-fill negative unhygienic worst service expired food expired item,Saravana Bhavan,data\raw_reviews\Zomato\zomatoSaravanaBhavanReviews (1).csv,thumb-up-fill negative unhygienic worst service expired food expired item,Slow Service & Staff Negligence,0.3166666666666667,Slow Service & Staff Negligence,frustration,heuristic,6,True
