issue_category,week,review_count,rolling_mean,z_score,rule_flag,iforest_flag,both_flag,outcome_rating_change,issue_category_code,volume,magnitude_z,pct_above_rolling_mean,rule_and_ml_agree,priority_target,predicted_priority_score
Billing & Online Ordering Issues,2026-05-18,6,14.833333333333334,-0.7569883854780565,False,False,False,-0.5276190476190474,1,6,-0.7569883854780565,-0.5955056179775281,0,0.5276190476190474,0.49142757
Cleanliness & Restroom Hygiene,2026-04-06,4,9.833333333333334,-0.4913133655874381,False,False,False,-0.620408163265306,2,4,-0.4913133655874381,-0.5932203389830508,0,0.620408163265306,0.46701235
Billing & Online Ordering Issues,2026-05-25,8,14.833333333333334,-0.5855947887660438,False,False,False,-0.6545153272576636,1,8,-0.5855947887660438,-0.4606741573033708,0,0.6545153272576636,0.46236262
Billing & Online Ordering Issues,2026-06-01,9,14.666666666666666,-0.4819133087584012,False,False,False,-0.35342465753424657,1,9,-0.4819133087584012,-0.38636363636363635,0,0.35342465753424657,0.44041526
Billing & Online Ordering Issues,2026-01-19,8,16.333333333333332,-0.5010030100351265,False,False,False,-0.32378414390406407,1,8,-0.5010030100351265,-0.5102040816326531,0,0.32378414390406407,0.41835427
Food Variety & Fast Service,2026-05-25,13,21.5,-0.5016517475225286,False,False,False,-0.31475300400534034,4,13,-0.5016517475225286,-0.3953488372093023,0,0.31475300400534034,0.37475595
Food Variety & Fast Service,2026-05-11,13,22.0,-0.5417363388859614,False,False,False,-0.46971461852067553,4,13,-0.5417363388859614,-0.4090909090909091,0,0.46971461852067553,0.35050958
Cleanliness & Restroom Hygiene,2026-03-30,6,10.0,-0.33951991873252213,False,False,False,-0.37959183673469377,2,6,-0.33951991873252213,-0.4,0,0.37959183673469377,0.34517992
Poor Experience & Food Hygiene Complaints,2026-04-13,2,2.8333333333333335,-0.4838206248226094,False,False,False,-0.35853658536585353,6,2,-0.4838206248226094,-0.29411764705882354,0,0.35853658536585353,0.3305489
Cleanliness & Restroom Hygiene,2026-03-23,4,10.666666666666666,-0.5736336900829286,False,False,False,-0.45999999999999996,2,4,-0.5736336900829286,-0.625,0,0.45999999999999996,0.32531372
Service Quality,2026-04-27,13,20.0,-0.5083687820523609,False,False,False,-0.48291925465838514,7,13,-0.5083687820523609,-0.35,0,0.48291925465838514,0.31997967
Billing & Online Ordering Issues,2026-07-06,7,13.833333333333334,-0.8181041948568051,False,False,False,-0.4250177683013505,1,7,-0.8181041948568051,-0.49397590361445787,0,0.4250177683013505,0.30906317
Poor Experience & Food Hygiene Complaints,2026-04-06,1,2.8333333333333335,-1.0644053746097406,False,False,False,-0.30952380952380953,6,1,-1.0644053746097406,-0.6470588235294118,0,0.30952380952380953,0.300236
Billing & Online Ordering Issues,2026-07-27,6,13.333333333333334,-0.8164965809277267,False,False,False,-0.12121212121212133,1,6,-0.8164965809277267,-0.55,0,0.12121212121212133,0.29900777
Billing & Online Ordering Issues,2025-11-17,4,6.666666666666667,-0.8667027800348789,False,False,False,-0.32068965517241366,1,4,-0.8667027800348789,-0.4,0,0.32068965517241366,0.2894532
Billing & Online Ordering Issues,2026-07-20,8,14.166666666666666,-0.7361817566203892,False,False,False,-0.3744588744588744,1,8,-0.7361817566203892,-0.4352941176470588,0,0.3744588744588744,0.28509513
Food Variety & Fast Service,2026-05-18,21,22.5,-0.09083405243909494,False,False,False,-0.4157894736842105,4,21,-0.09083405243909494,-0.06666666666666667,0,0.4157894736842105,0.2841946
Poor Experience & Food Hygiene Complaints,2025-09-22,1,3.3333333333333335,-1.3324272283470413,False,False,False,-0.35416666666666674,6,1,-1.3324272283470413,-0.7000000000000001,0,0.35416666666666674,0.2813635
Billing & Online Ordering Issues,2026-02-02,9,15.666666666666666,-0.39513038984679977,False,False,False,-0.26190476190476186,1,9,-0.39513038984679977,-0.425531914893617,0,0.26190476190476186,0.27742544
Poor Experience & Food Hygiene Complaints,2025-09-29,2,3.1666666666666665,-0.6358383670736644,False,False,False,-0.4692307692307691,6,2,-0.6358383670736644,-0.3684210526315789,0,0.4692307692307691,0.27503806
Staff Courtesy & Behaviour,2026-06-29,8,13.0,-0.38807526285316646,False,False,False,-0.12967032967032965,9,8,-0.38807526285316646,-0.38461538461538464,0,0.12967032967032965,0.27134654
Ambience & Seating,2026-01-26,9,14.166666666666666,-0.661704697991961,False,False,False,-0.365953947368421,0,9,-0.661704697991961,-0.36470588235294116,0,0.365953947368421,0.26919267
Cleanliness & Restroom Hygiene,2025-12-08,7,13.166666666666666,-0.37000740022200745,False,False,False,-0.2923076923076924,2,7,-0.37000740022200745,-0.46835443037974683,0,0.2923076923076924,0.26813704
Staff Courtesy & Behaviour,2026-02-16,4,10.0,-0.7905694150420948,False,False,False,-0.32446808510638303,9,4,-0.7905694150420948,-0.6,0,0.32446808510638303,0.21974505
Staff Courtesy & Behaviour,2026-02-02,7,11.0,-0.528885885347945,False,False,False,0.00694444444444442,9,7,-0.528885885347945,-0.36363636363636365,0,-0.00694444444444442,0.21921988
Food Variety & Fast Service,2025-11-17,26,24.833333333333332,0.10087251224304433,False,False,False,-0.3392492860057119,4,26,0.10087251224304433,0.04697986577181213,0,0.3392492860057119,0.21722488
Billing & Online Ordering Issues,2026-01-12,9,16.166666666666668,-0.4281628412181979,False,False,False,-0.24836601307189543,1,9,-0.4281628412181979,-0.443298969072165,0,0.24836601307189543,0.21585438
Food Variety & Fast Service,2025-11-10,20,22.833333333333332,-0.22968778911235965,False,False,False,-0.4052342760658507,4,20,-0.22968778911235965,-0.12408759124087587,0,0.4052342760658507,0.21271366
Food Variety & Fast Service,2026-07-27,8,17.166666666666668,-0.8549199846470049,False,False,False,-0.21474358974358965,4,8,-0.8549199846470049,-0.5339805825242718,0,0.21474358974358965,0.2102275
Cleanliness & Restroom Hygiene,2026-02-23,5,8.0,-0.8964214570007986,False,False,False,-0.35584415584415585,2,5,-0.8964214570007986,-0.375,0,0.35584415584415585,0.20967424
Food Quantity & Value for Money,2025-12-08,27,27.166666666666668,-0.012416852662165294,False,False,False,-0.2832995267072347,3,27,-0.012416852662165294,-0.006134969325153418,0,0.2832995267072347,0.18740374
Poor Experience & Food Hygiene Complaints,2026-02-16,3,5.166666666666667,-0.8725028717782279,False,False,False,-0.2214285714285713,6,3,-0.8725028717782279,-0.41935483870967744,0,0.2214285714285713,0.1839488
Food Quantity & Value for Money,2025-12-01,22,29.5,-0.5152236441509777,False,False,False,-0.2529538131041891,3,22,-0.5152236441509777,-0.2542372881355932,0,0.2529538131041891,0.18387738
Food Variety & Fast Service,2026-05-04,18,22.166666666666668,-0.2523785185710011,False,False,False,-0.3526030022357074,4,18,-0.2523785185710011,-0.18796992481203012,0,0.3526030022357074,0.17652087
Food Quantity & Value for Money,2025-12-22,26,28.833333333333332,-0.225004768750218,False,False,False,-0.42397200349956243,3,26,-0.225004768750218,-0.09826589595375719,0,0.42397200349956243,0.1750898
Food Variety & Fast Service,2026-07-20,13,18.833333333333332,-0.5985923974733207,False,False,False,-0.20441347270615573,4,13,-0.5985923974733207,-0.30973451327433627,0,0.20441347270615573,0.17368631
Service Quality,2026-05-18,9,17.833333333333332,-0.589982462512125,False,False,False,-0.2579520697167754,7,9,-0.589982462512125,-0.49532710280373826,0,0.2579520697167754,0.17353667
Ambience & Seating,2026-04-20,6,9.166666666666666,-0.7975031508064154,False,False,False,-0.2058823529411764,0,6,-0.7975031508064154,-0.3454545454545454,0,0.2058823529411764,0.17150101
Cleanliness & Restroom Hygiene,2025-12-01,9,14.166666666666666,-0.31503674604905463,False,False,False,-0.11706349206349209,2,9,-0.31503674604905463,-0.36470588235294116,0,0.11706349206349209,0.16703275
Ambience & Seating,2025-08-25,5,8.2,-0.916157334902189,False,False,False,0.0,0,5,-0.916157334902189,-0.39024390243902435,0,-0.0,0.1651749
Cleanliness & Restroom Hygiene,2026-04-13,6,9.833333333333334,-0.3228630688146022,False,False,False,-0.6944444444444446,2,6,-0.3228630688146022,-0.3898305084745763,0,0.6944444444444446,0.16393353
Service Quality,2026-07-27,9,14.0,-1.0380684981717492,False,False,False,-0.3111111111111111,7,9,-1.0380684981717492,-0.35714285714285715,0,0.3111111111111111,0.15926509
Food Variety & Fast Service,2025-12-01,15,25.666666666666668,-1.0406297715753678,False,False,False,-0.15124615909866845,4,15,-1.0406297715753678,-0.4155844155844156,0,0.15124615909866845,0.15286274
Poor Experience & Food Hygiene Complaints,2026-04-20,39,8.5,2.032881632043003,True,True,True,-0.17336152219873147,6,39,2.032881632043003,3.588235294117647,1,0.17336152219873147,0.14757952
Billing & Online Ordering Issues,2025-11-03,8,8.333333333333334,-0.11593472394004226,False,False,False,0.23981900452488691,1,8,-0.11593472394004226,-0.04000000000000007,0,-0.23981900452488691,0.14632556
Food Variety & Fast Service,2025-11-24,17,26.166666666666668,-0.9466451199128767,False,False,False,-0.288422131147541,4,17,-0.9466451199128767,-0.35031847133757965,0,0.288422131147541,0.1458225
Billing & Online Ordering Issues,2026-07-13,14,14.666666666666666,-0.08316026287998572,False,False,False,-0.4617604617604618,1,14,-0.08316026287998572,-0.045454545454545414,0,0.4617604617604618,0.14022988
Slow Service & Staff Negligence,2026-03-02,10,14.333333333333334,-0.4046723241370488,False,False,False,-0.23529411764705888,8,10,-0.4046723241370488,-0.3023255813953489,0,0.23529411764705888,0.13956797
Ambience & Seating,2026-02-02,10,13.833333333333334,-0.48155528613011783,False,False,False,-0.26959247648902807,0,10,-0.48155528613011783,-0.27710843373493976,0,0.26959247648902807,0.1391338
Food Quantity & Value for Money,2025-12-15,24,27.833333333333332,-0.2928285459947734,False,False,False,-0.3167479674796747,3,24,-0.2928285459947734,-0.13772455089820357,0,0.3167479674796747,0.13827638
Slow Service & Staff Negligence,2025-09-22,9,14.5,-1.1157311356586717,False,False,False,-0.18055555555555558,8,9,-1.1157311356586717,-0.3793103448275862,0,0.18055555555555558,0.1363802
Food Quantity & Value for Money,2026-04-06,21,26.5,-0.3893957789726336,False,False,False,-0.09941520467836251,3,21,-0.3893957789726336,-0.20754716981132076,0,0.09941520467836251,0.13491388
Food Quantity & Value for Money,2026-04-13,24,26.5,-0.1769980813511971,False,False,False,0.013516199562711328,3,24,-0.1769980813511971,-0.09433962264150944,0,-0.013516199562711328,0.12997253
Ambience & Seating,2026-04-13,8,10.666666666666666,-0.6308802978765116,False,False,False,-0.08362369337979092,0,8,-0.6308802978765116,-0.24999999999999994,0,0.08362369337979092,0.1295786
Ambience & Seating,2026-02-09,12,13.333333333333334,-0.16736548175114463,False,False,False,-0.1721311475409837,0,12,-0.16736548175114463,-0.10000000000000003,0,0.1721311475409837,0.12606557
Ambience & Seating,2026-02-16,14,14.5,-0.0681044706603994,False,False,False,-0.16481481481481475,0,14,-0.0681044706603994,-0.034482758620689655,0,0.16481481481481475,0.12426038
Food Variety & Fast Service,2025-12-08,14,21.666666666666668,-0.8432209113727814,False,False,False,0.0862068965517242,4,14,-0.8432209113727814,-0.35384615384615387,0,-0.0862068965517242,0.12348621
Service Quality,2026-03-09,18,19.333333333333332,-0.12983181444523034,False,False,False,-0.20303030303030312,7,18,-0.12983181444523034,-0.06896551724137925,0,0.20303030303030312,0.12140308
Cleanliness & Restroom Hygiene,2026-01-19,8,7.5,0.1557942382124396,False,False,False,-0.28482972136222906,2,8,0.1557942382124396,0.06666666666666667,0,0.28482972136222906,0.12043931
Parking & Accessibility,2026-01-12,6,8.666666666666666,-0.7741129997161826,False,False,False,-0.12770562770562766,5,6,-0.7741129997161826,-0.30769230769230765,0,0.12770562770562766,0.118140884
Ambience & Seating,2025-11-10,8,9.833333333333334,-1.2455047375590578,False,False,False,-0.17499999999999982,0,8,-1.2455047375590578,-0.18644067796610175,0,0.17499999999999982,0.116448104
Staff Courtesy & Behaviour,2026-04-13,5,8.333333333333334,-1.3315591032282714,False,False,False,0.05128205128205132,9,5,-1.3315591032282714,-0.4,0,-0.05128205128205132,0.11141164
Poor Experience & Food Hygiene Complaints,2025-08-18,3,4.25,-0.4186091791394607,False,False,False,-0.2142857142857142,6,3,-0.4186091791394607,-0.29411764705882354,0,0.2142857142857142,0.108612075
Ambience & Seating,2025-08-11,10,8.666666666666666,0.3202563076101744,False,False,False,-0.2250000000000001,0,10,0.3202563076101744,0.15384615384615394,0,0.2250000000000001,0.108241394
Staff Courtesy & Behaviour,2026-03-09,6,9.0,-0.39528470752104744,False,False,False,-0.29985652797704465,9,6,-0.39528470752104744,-0.3333333333333333,0,0.29985652797704465,0.10495573
Billing & Online Ordering Issues,2025-08-25,8,7.8,0.07207499701564478,False,False,False,-0.14516129032258074,1,8,0.07207499701564478,0.025641025641025664,0,0.14516129032258074,0.10412794
Billing & Online Ordering Issues,2025-09-29,8,7.833333333333333,0.049434732389013906,False,False,False,-0.0747028862478778,1,8,0.049434732389013906,0.02127659574468089,0,0.0747028862478778,0.10412794
Billing & Online Ordering Issues,2026-01-26,11,16.333333333333332,-0.3206419264224809,False,False,False,-0.30135135135135127,1,11,-0.3206419264224809,-0.32653061224489793,0,0.30135135135135127,0.10359706
Billing & Online Ordering Issues,2025-11-10,5,7.833333333333333,-0.8886042349318382,False,False,False,-0.02508960573476693,1,5,-0.8886042349318382,-0.36170212765957444,0,0.02508960573476693,0.10260707
Service Quality,2026-05-04,15,20.0,-0.36312055860882925,False,False,False,-0.35861423220973765,7,15,-0.36312055860882925,-0.25,0,0.35861423220973765,0.10152415
Poor Experience & Food Hygiene Complaints,2025-11-10,30,8.333333333333334,1.995706175080616,False,True,False,-0.10000000000000009,6,30,1.995706175080616,2.5999999999999996,0,0.10000000000000009,0.101474695
Food Quantity & Value for Money,2025-11-17,20,25.0,-0.6136008670922697,False,False,False,0.5808261091279958,3,20,-0.6136008670922697,-0.2,0,-0.5808261091279958,0.100536875
Food Variety & Fast Service,2026-06-01,15,22.5,-0.46238191503104503,False,False,False,-0.005219780219780201,4,15,-0.46238191503104503,-0.3333333333333333,0,0.005219780219780201,0.10001288
Billing & Online Ordering Issues,2026-04-13,8,8.166666666666666,-0.12539246564388185,False,False,False,-0.20486111111111116,1,8,-0.12539246564388185,-0.02040816326530605,0,0.20486111111111116,0.099359095
Cleanliness & Restroom Hygiene,2026-03-02,6,7.666666666666667,-0.48382062482261645,False,False,False,-0.4388714733542318,2,6,-0.48382062482261645,-0.2173913043478261,0,0.4388714733542318,0.099192165
Ambience & Seating,2026-04-27,11,9.833333333333334,0.30156729917499353,False,False,False,-0.2996794871794872,0,11,0.30156729917499353,0.1186440677966101,0,0.2996794871794872,0.097165346
Billing & Online Ordering Issues,2026-03-30,8,9.333333333333334,-0.5702659485122054,False,False,False,0.23035714285714293,1,8,-0.5702659485122054,-0.1428571428571429,0,-0.23035714285714293,0.09445146
Poor Experience & Food Hygiene Complaints,2026-07-06,5,7.166666666666667,-0.3706728665329306,False,False,False,-0.23684210526315796,6,5,-0.3706728665329306,-0.3023255813953489,0,0.23684210526315796,0.09407721
Service Quality,2026-01-12,13,14.0,-0.23312620206007847,False,False,False,-0.18496683861459107,7,13,-0.23312620206007847,-0.07142857142857142,0,0.18496683861459107,0.093450084
Ambience & Seating,2025-11-17,12,10.0,1.1952286093343947,False,False,False,-0.19914651493598856,0,12,1.1952286093343947,0.2,0,0.19914651493598856,0.09316939
Parking & Accessibility,2026-01-19,8,7.833333333333333,0.06140634384863429,False,False,False,-0.18518518518518534,5,8,0.06140634384863429,0.02127659574468089,0,0.18518518518518534,0.0922067
Ambience & Seating,2026-06-01,11,9.833333333333334,0.4298444069404405,False,False,False,-0.12387387387387383,0,11,0.4298444069404405,0.1186440677966101,0,0.12387387387387383,0.08754721
Ambience & Seating,2025-08-18,10,9.0,0.28867513459481287,False,False,False,-0.2435897435897436,0,10,0.28867513459481287,0.1111111111111111,0,0.2435897435897436,0.08638474
Food Quantity & Value for Money,2026-04-20,19,26.666666666666668,-0.5472468973568206,False,False,False,0.03908540160250151,3,19,-0.5472468973568206,-0.28750000000000003,0,-0.03908540160250151,0.08586745
Cleanliness & Restroom Hygiene,2026-06-22,8,9.333333333333334,-0.6454972243679106,False,False,False,-0.10526315789473695,2,8,-0.6454972243679106,-0.1428571428571429,0,0.10526315789473695,0.085371524
Billing & Online Ordering Issues,2026-06-08,11,15.5,-0.40233133558936535,False,False,False,-0.0016233766233766378,1,11,-0.40233133558936535,-0.2903225806451613,0,0.0016233766233766378,0.08513396
Food Quantity & Value for Money,2026-01-19,26,22.166666666666668,1.0813506307209335,False,False,False,0.12550200803212852,3,26,1.0813506307209335,0.1729323308270676,0,-0.12550200803212852,0.08343401
Ambience & Seating,2025-12-08,11,9.833333333333334,0.46980923864981705,False,False,False,0.02499999999999991,0,11,0.46980923864981705,0.1186440677966101,0,-0.02499999999999991,0.08310889
Ambience & Seating,2026-03-02,14,12.0,0.95346258924559,False,False,False,-0.11048557353976074,0,14,0.95346258924559,0.16666666666666666,0,0.11048557353976074,0.08245611
Staff Courtesy & Behaviour,2026-07-06,6,13.166666666666666,-0.5613940610154061,False,False,False,-0.045454545454545636,9,6,-0.5613940610154061,-0.5443037974683544,0,0.045454545454545636,0.081908494
Food Quantity & Value for Money,2026-04-27,24,27.0,-0.21583292365085774,False,False,False,-0.032379518072289226,3,24,-0.21583292365085774,-0.1111111111111111,0,0.032379518072289226,0.081746474
Ambience & Seating,2026-06-29,13,11.0,1.1180339887498918,False,False,False,0.0717703349282297,0,13,1.1180339887498918,0.18181818181818182,0,-0.0717703349282297,0.0800387
Slow Service & Staff Negligence,2026-02-23,11,15.333333333333334,-0.41266722209921475,False,False,False,-0.22197802197802186,8,11,-0.41266722209921475,-0.28260869565217395,0,0.22197802197802186,0.07816275
Ambience & Seating,2026-03-30,8,11.0,-0.8808303292720551,False,False,False,0.09777777777777774,0,8,-0.8808303292720551,-0.2727272727272727,0,-0.09777777777777774,0.07783536
Service Quality,2026-06-29,9,14.166666666666666,-1.3727030725871465,False,False,False,-0.11512791991101223,7,9,-1.3727030725871465,-0.36470588235294116,0,0.11512791991101223,0.07771336
Billing & Online Ordering Issues,2025-11-24,6,6.5,-0.16222142113076252,False,False,False,-0.3142857142857143,1,6,-0.16222142113076252,-0.07692307692307693,0,0.3142857142857143,0.077474594
Ambience & Seating,2026-06-22,11,11.0,0.0,False,False,False,-0.059523809523809534,0,11,0.0,0.0,0,0.059523809523809534,0.076488316
Ambience & Seating,2026-01-12,13,11.166666666666666,0.6415330278717846,False,False,False,0.2048726467331119,0,13,0.6415330278717846,0.164179104477612,0,-0.2048726467331119,0.07593812
Food Variety & Fast Service,2026-07-13,11,23.5,-0.9872866210552966,False,False,False,-0.15636704119850187,4,11,-0.9872866210552966,-0.5319148936170213,0,0.15636704119850187,0.07571645
Service Quality,2026-03-02,14,19.5,-0.5364896296670117,False,False,False,-0.08630952380952372,7,14,-0.5364896296670117,-0.28205128205128205,0,0.08630952380952372,0.07488345
Food Variety & Fast Service,2025-12-22,21,18.0,0.6454972243679017,False,False,False,-0.0851548269581055,4,21,0.6454972243679017,0.16666666666666666,0,0.0851548269581055,0.07433784
Food Quantity & Value for Money,2026-03-30,19,25.0,-0.3932418788198071,False,False,False,-0.17142857142857149,3,19,-0.3932418788198071,-0.24,0,0.17142857142857149,0.07398621
Service Quality,2025-12-22,9,13.5,-1.0190493307301363,False,False,False,-0.11309523809523792,7,9,-1.0190493307301363,-0.3333333333333333,0,0.11309523809523792,0.073517196
Poor Experience & Food Hygiene Complaints,2025-12-29,2,4.0,-0.8164965809277221,False,False,False,-0.0714285714285714,6,2,-0.8164965809277221,-0.5,0,0.0714285714285714,0.073430136
Staff Courtesy & Behaviour,2025-12-08,9,7.666666666666667,0.7613869876268814,False,False,False,-0.15517241379310343,9,9,0.7613869876268814,0.17391304347826084,0,0.15517241379310343,0.072303884
Billing & Online Ordering Issues,2025-09-01,6,7.5,-0.5795005569646918,False,False,False,-0.11111111111111116,1,6,-0.5795005569646918,-0.2,0,0.11111111111111116,0.07058142
Parking & Accessibility,2026-05-18,8,8.833333333333334,-0.45417026219547385,False,False,False,-0.1470588235294117,5,8,-0.45417026219547385,-0.0943396226415095,0,0.1470588235294117,0.070003964
Parking & Accessibility,2025-12-15,12,12.0,0.0,False,False,False,-0.2142857142857144,5,12,0.0,0.0,0,0.2142857142857144,0.0685229
Staff Courtesy & Behaviour,2026-07-20,12,13.5,-0.11730928305086626,False,False,False,0.17894736842105274,9,12,-0.11730928305086626,-0.1111111111111111,0,-0.17894736842105274,0.067003906
Staff Courtesy & Behaviour,2026-01-26,6,11.166666666666666,-0.6918677707147626,False,False,False,-0.12336719883889713,9,6,-0.6918677707147626,-0.46268656716417905,0,0.12336719883889713,0.066565126
Ambience & Seating,2026-05-25,9,9.0,0.0,False,False,False,-0.011538461538461497,0,9,0.0,0.0,0,0.011538461538461497,0.066340335
Ambience & Seating,2025-09-29,12,11.5,0.1109741904046188,False,False,False,-0.006688963210702337,0,12,0.1109741904046188,0.043478260869565216,0,0.006688963210702337,0.065117516
Cleanliness & Restroom Hygiene,2025-09-15,5,7.0,-0.7905694150420947,False,False,False,-0.19999999999999996,2,5,-0.7905694150420947,-0.2857142857142857,0,0.19999999999999996,0.06383072
Cleanliness & Restroom Hygiene,2025-09-22,5,6.666666666666667,-0.6269623282193989,False,False,False,-0.125,2,5,-0.6269623282193989,-0.25000000000000006,0,0.125,0.063698046
Service Quality,2025-08-18,13,13.5,-0.08617274844321392,False,False,False,0.05722326454033766,7,13,-0.08617274844321392,-0.037037037037037035,0,-0.05722326454033766,0.06366865
Food Quantity & Value for Money,2025-12-29,19,28.666666666666668,-0.758860741348727,False,False,False,-0.07389686337054768,3,19,-0.758860741348727,-0.33720930232558144,0,0.07389686337054768,0.06253078
Staff Courtesy & Behaviour,2025-12-22,8,6.666666666666667,0.5504818825631804,False,False,False,-0.15384615384615397,9,8,0.5504818825631804,0.19999999999999996,0,0.15384615384615397,0.06245259
Food Variety & Fast Service,2025-09-01,14,15.333333333333334,-0.26631182064565384,False,False,False,-0.12488262910798142,4,14,-0.26631182064565384,-0.08695652173913047,0,0.12488262910798142,0.06223577
Parking & Accessibility,2026-07-27,7,8.166666666666666,-0.5036101551853335,False,True,False,-0.1471861471861471,5,7,-0.5036101551853335,-0.1428571428571428,0,0.1471861471861471,0.061954338
Parking & Accessibility,2026-06-15,8,8.5,-0.16574838603294878,False,False,False,-0.14379084967320255,5,8,-0.16574838603294878,-0.058823529411764705,0,0.14379084967320255,0.06154819
Staff Courtesy & Behaviour,2026-03-16,11,9.666666666666666,0.17650112740455204,False,False,False,-0.23684210526315796,9,11,0.17650112740455204,0.1379310344827587,0,0.23684210526315796,0.06101889
Staff Courtesy & Behaviour,2026-03-30,9,10.333333333333334,-0.1873171623163389,False,False,False,-0.166326530612245,9,9,-0.1873171623163389,-0.12903225806451618,0,0.166326530612245,0.060772
Cleanliness & Restroom Hygiene,2025-09-29,9,7.666666666666667,0.6454972243679025,False,False,False,-0.15714285714285725,2,9,0.6454972243679025,0.17391304347826084,0,0.15714285714285725,0.06069173
Service Quality,2025-12-29,12,12.833333333333334,-0.19551547175144396,False,False,False,-0.22257053291536066,7,12,-0.19551547175144396,-0.06493506493506498,0,0.22257053291536066,0.060256746
Cleanliness & Restroom Hygiene,2026-03-09,5,6.666666666666667,-0.5305954499725132,False,False,False,0.5913461538461537,2,5,-0.5305954499725132,-0.25000000000000006,0,-0.5913461538461537,0.05956187
Ambience & Seating,2026-05-11,10,9.5,0.11562432251572013,False,False,False,0.3521739130434782,0,10,0.11562432251572013,0.05263157894736842,0,-0.3521739130434782,0.059477307
Slow Service & Staff Negligence,2025-09-08,10,14.5,-0.8774747729629105,False,False,False,-0.10904071773636992,8,10,-0.8774747729629105,-0.3103448275862069,0,0.10904071773636992,0.05916557
Staff Courtesy & Behaviour,2025-11-24,9,7.833333333333333,0.9979654098963538,False,False,False,0.08095238095238089,9,9,0.9979654098963538,0.148936170212766,0,-0.08095238095238089,0.058746573
Cleanliness & Restroom Hygiene,2026-07-06,6,8.0,-0.7905694150421,False,False,False,-0.03333333333333344,2,6,-0.7905694150421,-0.25,0,0.03333333333333344,0.05830398
Food Variety & Fast Service,2026-03-16,22,18.333333333333332,1.3073023934891985,False,False,False,-0.0841944125526215,4,22,1.3073023934891985,0.20000000000000007,0,0.0841944125526215,0.058079693
Food Quantity & Value for Money,2026-02-16,21,21.333333333333332,-0.1331559103228259,False,False,False,-0.13636363636363624,3,21,-0.1331559103228259,-0.015624999999999944,0,0.13636363636363624,0.05771668
Service Quality,2026-02-23,23,18.833333333333332,0.38592380627938655,False,True,False,0.06756756756756754,7,23,0.38592380627938655,0.2212389380530974,0,-0.06756756756756754,0.057617217
Ambience & Seating,2026-03-09,15,13.0,1.118033988749888,False,False,False,-0.14579759862778752,0,15,1.118033988749888,0.15384615384615385,0,0.14579759862778752,0.057484288
Food Variety & Fast Service,2025-09-22,13,14.833333333333334,-0.5014525865840697,False,False,False,-0.05737704918032782,4,13,-0.5014525865840697,-0.12359550561797757,0,0.05737704918032782,0.05653821
Slow Service & Staff Negligence,2026-02-09,9,15.833333333333334,-0.661945014460189,False,False,False,0.009920634920634885,8,9,-0.661945014460189,-0.43157894736842106,0,-0.009920634920634885,0.05624693
Slow Service & Staff Negligence,2026-06-08,14,14.5,-0.10684346079267207,False,False,False,-0.009679370840895318,8,14,-0.10684346079267207,-0.034482758620689655,0,0.009679370840895318,0.05575681
Food Quantity & Value for Money,2026-06-15,19,19.5,-0.11322770341445917,False,False,False,-0.09380804953560373,3,19,-0.11322770341445917,-0.02564102564102564,0,0.09380804953560373,0.054949924
Billing & Online Ordering Issues,2026-06-29,15,14.0,0.12198750911856679,False,False,False,-0.24143070044709392,1,15,0.12198750911856679,0.07142857142857142,0,0.24143070044709392,0.054866415
Billing & Online Ordering Issues,2026-04-20,10,8.333333333333334,1.1070186069251364,False,False,False,0.09558823529411775,1,10,1.1070186069251364,0.19999999999999993,0,-0.09558823529411775,0.054379173
Food Quantity & Value for Money,2025-11-03,20,25.333333333333332,-0.6652821030398852,False,False,False,-0.11902654867256635,3,20,-0.6652821030398852,-0.21052631578947364,0,0.11902654867256635,0.053973354
Ambience & Seating,2026-07-27,8,10.5,-0.7642723006446788,False,False,False,0.15909090909090917,0,8,-0.7642723006446788,-0.23809523809523808,0,-0.15909090909090917,0.053789403
Service Quality,2025-09-22,9,13.833333333333334,-1.202088674820034,False,False,False,-0.04527712724434041,7,9,-1.202088674820034,-0.3493975903614458,0,0.04527712724434041,0.053619884
Service Quality,2025-09-01,12,13.166666666666666,-0.25725559858588437,False,False,False,0.051001821493624755,7,12,-0.25725559858588437,-0.08860759493670882,0,-0.051001821493624755,0.052611418
Food Variety & Fast Service,2025-10-06,14,14.333333333333334,-0.1107018606925121,False,False,False,-0.1431784107946028,4,14,-0.1107018606925121,-0.023255813953488413,0,0.1431784107946028,0.052247107
Cleanliness & Restroom Hygiene,2025-09-08,9,7.333333333333333,0.7128324356402512,False,False,False,-0.2857142857142856,2,9,0.7128324356402512,0.22727272727272732,0,0.2857142857142856,0.051880516
Parking & Accessibility,2026-03-23,8,10.0,-0.8451542547285158,False,False,False,-0.1628205128205127,5,8,-0.8451542547285158,-0.2,0,0.1628205128205127,0.05182432
Food Quantity & Value for Money,2025-09-08,22,22.166666666666668,-0.06940429153883616,False,False,False,0.032608695652173836,3,22,-0.06940429153883616,-0.007518796992481256,0,-0.032608695652173836,0.050634425
Food Quantity & Value for Money,2026-06-08,18,20.333333333333332,-0.4900980294098016,False,False,False,-0.07804054054054066,3,18,-0.4900980294098016,-0.11475409836065568,0,0.07804054054054066,0.049906746
Slow Service & Staff Negligence,2025-09-15,13,14.333333333333334,-0.2581988897471612,False,False,False,-0.20559440559440567,8,13,-0.2581988897471612,-0.09302325581395353,0,0.20559440559440567,0.049901035
Ambience & Seating,2025-12-22,12,10.666666666666666,0.5923488777590924,False,False,False,0.22870370370370363,0,12,0.5923488777590924,0.12500000000000006,0,-0.22870370370370363,0.048962828
Parking & Accessibility,2026-05-04,11,9.166666666666666,0.6754697823349772,False,False,False,-0.07638888888888884,5,11,0.6754697823349772,0.20000000000000007,0,0.07638888888888884,0.0478616
Cleanliness & Restroom Hygiene,2026-07-13,6,7.0,-0.5976143046672042,False,False,False,-0.07692307692307687,2,6,-0.5976143046672042,-0.14285714285714285,0,0.07692307692307687,0.046877004
Billing & Online Ordering Issues,2026-03-09,9,9.5,-0.18764665626020147,False,False,False,-0.08717948717948731,1,9,-0.18764665626020147,-0.05263157894736842,0,0.08717948717948731,0.04666229
Billing & Online Ordering Issues,2025-09-15,7,7.333333333333333,-0.15430334996209175,False,False,False,0.0,1,7,-0.15430334996209175,-0.045454545454545414,0,-0.0,0.046114594
Slow Service & Staff Negligence,2026-04-06,12,12.5,-0.15007505629691603,False,False,False,-0.28234501347708907,8,12,-0.15007505629691603,-0.04,0,0.28234501347708907,0.04594897
Service Quality,2025-10-20,14,14.0,0.0,False,False,False,-0.1386347642505279,7,14,0.0,0.0,0,0.1386347642505279,0.045098867
Service Quality,2025-11-24,10,15.0,-1.2500000000000002,False,False,False,-0.021739130434782705,7,10,-1.2500000000000002,-0.3333333333333333,0,0.021739130434782705,0.045014575
Cleanliness & Restroom Hygiene,2026-02-16,10,9.0,0.3162277660168394,False,False,False,-0.10909090909090913,2,10,0.3162277660168394,0.1111111111111111,0,0.10909090909090913,0.043623954
Food Variety & Fast Service,2026-06-15,18,20.166666666666668,-0.20313491893938146,False,False,False,-0.08253968253968247,4,18,-0.20313491893938146,-0.10743801652892568,0,0.08253968253968247,0.043397237
Food Variety & Fast Service,2026-03-23,17,17.666666666666668,-0.26631182064565284,False,False,False,-0.06407423773751653,4,17,-0.26631182064565284,-0.03773584905660384,0,0.06407423773751653,0.042382002
Slow Service & Staff Negligence,2026-03-09,10,14.666666666666666,-0.444410854568385,False,False,False,0.09523809523809534,8,10,-0.444410854568385,-0.3181818181818182,0,-0.09523809523809534,0.042316414
Staff Courtesy & Behaviour,2026-06-22,11,14.333333333333334,-0.2629758415191085,False,False,False,0.014272970561998166,9,11,-0.2629758415191085,-0.23255813953488375,0,-0.014272970561998166,0.041863352
Staff Courtesy & Behaviour,2025-10-06,5,7.833333333333333,-0.9680365087282966,False,False,False,0.1333333333333333,9,5,-0.9680365087282966,-0.36170212765957444,0,-0.1333333333333333,0.0418121
Billing & Online Ordering Issues,2025-10-20,12,9.833333333333334,0.7402632125569324,False,False,False,0.0,1,12,0.7402632125569324,0.2203389830508474,0,-0.0,0.04127459
Staff Courtesy & Behaviour,2025-08-25,9,7.2,0.5636018619766345,False,False,False,-0.12698412698412698,9,9,0.5636018619766345,0.24999999999999997,0,0.12698412698412698,0.04094242
Billing & Online Ordering Issues,2025-10-13,7,8.5,-0.4276994613841508,False,False,False,-0.10394736842105257,1,7,-0.4276994613841508,-0.17647058823529413,0,0.10394736842105257,0.040853385
Poor Experience & Food Hygiene Complaints,2026-01-12,8,3.6666666666666665,1.9251338527170385,False,False,False,-0.174825174825175,6,8,1.9251338527170385,1.181818181818182,0,0.174825174825175,0.04020858
Parking & Accessibility,2026-04-13,11,9.333333333333334,0.6454972243679018,False,True,False,0.07058823529411784,5,11,0.6454972243679018,0.1785714285714285,0,-0.07058823529411784,0.04015228
Parking & Accessibility,2026-02-09,9,7.333333333333333,0.8475793795260085,False,False,False,0.054545454545454675,5,9,0.8475793795260085,0.22727272727272732,0,-0.054545454545454675,0.039837144
Billing & Online Ordering Issues,2026-02-16,11,8.833333333333334,0.9722089058425495,False,False,False,-0.015151515151515138,1,11,0.9722089058425495,0.24528301886792445,0,0.015151515151515138,0.03907139
Slow Service & Staff Negligence,2026-05-04,16,16.0,0.0,False,False,False,0.1286186931348221,8,16,0.0,0.0,0,-0.1286186931348221,0.038369406
Food Variety & Fast Service,2025-10-13,9,13.5,-1.2069940067680953,False,False,False,-0.0185185185185186,4,9,-1.2069940067680953,-0.3333333333333333,0,0.0185185185185186,0.038219303
Billing & Online Ordering Issues,2026-04-06,8,8.5,-0.32969023669789876,False,False,False,-0.17045454545454541,1,8,-0.32969023669789876,-0.058823529411764705,0,0.17045454545454541,0.037794404
Food Variety & Fast Service,2026-01-26,10,15.0,-1.2499999999999956,False,False,False,0.022775423728813582,4,10,-1.2499999999999956,-0.3333333333333333,0,-0.022775423728813582,0.037523247
Food Variety & Fast Service,2026-02-23,15,16.333333333333332,-0.29617443887954525,False,False,False,0.052429667519181544,4,15,-0.29617443887954525,-0.08163265306122443,0,-0.052429667519181544,0.037161104
Slow Service & Staff Negligence,2025-10-06,11,12.0,-0.1889822365046136,False,False,False,-0.0073260073260073,8,11,-0.1889822365046136,-0.08333333333333333,0,0.0073260073260073,0.036620185
Slow Service & Staff Negligence,2025-12-01,18,15.166666666666666,0.664752603954909,False,False,False,-0.0494252873563219,8,18,0.664752603954909,0.18681318681318687,0,0.0494252873563219,0.036061164
Poor Experience & Food Hygiene Complaints,2026-02-02,2,4.833333333333333,-1.0439078454267798,False,False,False,-0.028571428571428692,6,2,-1.0439078454267798,-0.5862068965517241,0,0.028571428571428692,0.035758518
Food Variety & Fast Service,2026-07-06,16,24.166666666666668,-0.6830105844418706,False,False,False,0.10331384015594525,4,16,-0.6830105844418706,-0.33793103448275863,0,-0.10331384015594525,0.035144255
Food Quantity & Value for Money,2026-06-22,19,20.5,-0.47673129462279284,False,False,False,-0.1578947368421053,3,19,-0.47673129462279284,-0.07317073170731707,0,0.1578947368421053,0.03436084
Food Variety & Fast Service,2026-02-16,16,15.833333333333334,0.03447865914274349,False,False,False,0.07558979297063062,4,16,0.03447865914274349,0.010526315789473646,0,-0.07558979297063062,0.03417029
Parking & Accessibility,2025-11-17,9,11.166666666666666,-0.5527162925699823,False,False,False,-0.06666666666666665,5,9,-0.5527162925699823,-0.1940298507462686,0,0.06666666666666665,0.033761468
Service Quality,2025-10-13,14,14.166666666666666,-0.04197385004244274,False,False,False,0.017857142857142794,7,14,-0.04197385004244274,-0.0117647058823529,0,-0.017857142857142794,0.033654295
Cleanliness & Restroom Hygiene,2025-11-24,4,13.833333333333334,-0.5943064958819873,False,False,False,-0.03846153846153855,2,4,-0.5943064958819873,-0.7108433734939759,0,0.03846153846153855,0.033458408
Cleanliness & Restroom Hygiene,2025-10-13,9,8.0,0.4082482904638629,False,False,False,-0.029166666666666563,2,9,0.4082482904638629,0.125,0,0.029166666666666563,0.033408575
Service Quality,2026-05-11,9,18.833333333333332,-0.6802401372563635,False,False,False,-0.37515605493133597,7,9,-0.6802401372563635,-0.5221238938053097,0,0.37515605493133597,0.03309268
Parking & Accessibility,2025-10-20,11,11.0,0.0,False,False,False,-0.02826086956521734,5,11,0.0,0.0,0,0.02826086956521734,0.030930977
Parking & Accessibility,2026-03-30,12,9.833333333333334,1.0138937495022848,False,False,False,-0.1025210084033612,5,12,1.0138937495022848,0.2203389830508474,0,0.1025210084033612,0.030689027
Staff Courtesy & Behaviour,2026-02-09,9,11.666666666666666,-0.3761219585116297,False,False,False,0.06219312602291338,9,9,-0.3761219585116297,-0.22857142857142854,0,-0.06219312602291338,0.030391648
Cleanliness & Restroom Hygiene,2026-07-27,5,6.166666666666667,-1.1866111313364545,False,False,False,-0.18333333333333335,2,5,-1.1866111313364545,-0.18918918918918923,0,0.18333333333333335,0.03036261
Parking & Accessibility,2026-05-11,7,8.333333333333334,-0.5504818825631795,False,False,False,-0.16491228070175445,5,7,-0.5504818825631795,-0.16000000000000006,0,0.16491228070175445,0.03006056
Food Quantity & Value for Money,2026-05-25,24,20.333333333333332,0.8144797069187493,False,False,False,0.04959958667011111,3,24,0.8144797069187493,0.18032786885245908,0,-0.04959958667011111,0.029889714
Slow Service & Staff Negligence,2026-04-13,16,13.5,0.7503752814845798,False,False,False,-0.17575757575757578,8,16,0.7503752814845798,0.18518518518518517,0,0.17575757575757578,0.02958903
Parking & Accessibility,2026-04-20,9,9.0,0.0,False,False,False,0.09722222222222232,5,9,0.0,0.0,0,-0.09722222222222232,0.028975843
Service Quality,2026-05-25,18,18.666666666666668,-0.0450834817333717,False,False,False,0.28074534161490683,7,18,-0.0450834817333717,-0.035714285714285775,0,-0.28074534161490683,0.028780015
Slow Service & Staff Negligence,2025-12-29,14,14.5,-0.10885008604602703,False,False,False,-0.025910364145658393,8,14,-0.10885008604602703,-0.034482758620689655,0,0.025910364145658393,0.028750505
Food Quantity & Value for Money,2026-01-26,22,21.833333333333332,0.048587217024317286,False,False,False,-0.02983362019506597,3,22,0.048587217024317286,0.007633587786259596,0,0.02983362019506597,0.028703475
Cleanliness & Restroom Hygiene,2026-01-05,7,7.0,0.0,False,False,False,0.03418803418803429,2,7,0.0,0.0,0,-0.03418803418803429,0.027898336
Slow Service & Staff Negligence,2026-06-29,13,12.166666666666666,0.2916059217599031,False,False,False,-0.2701202590194265,8,13,0.2916059217599031,0.06849315068493156,0,0.2701202590194265,0.027728217
Ambience & Seating,2025-10-06,11,12.5,-0.458563380386807,False,False,False,-0.0510366826156301,0,11,-0.458563380386807,-0.12,0,0.0510366826156301,0.0274799
Poor Experience & Food Hygiene Complaints,2025-12-01,6,9.0,-0.28552012036008034,False,False,False,0.019444444444444375,6,6,-0.28552012036008034,-0.3333333333333333,0,-0.019444444444444375,0.027232934
Food Quantity & Value for Money,2026-06-01,25,21.333333333333332,0.7634472069271909,False,False,False,0.04327347659699732,3,25,0.7634472069271909,0.17187500000000006,0,-0.04327347659699732,0.027049713
Parking & Accessibility,2025-12-08,13,11.166666666666666,0.4676830167899853,False,False,False,-0.03319148936170202,5,13,0.4676830167899853,0.164179104477612,0,0.03319148936170202,0.027038464
Ambience & Seating,2026-03-23,9,12.0,-0.9302605094190624,False,False,False,0.0804321728691475,0,9,-0.9302605094190624,-0.25,0,-0.0804321728691475,0.026758889
Food Variety & Fast Service,2025-12-29,15,16.166666666666668,-0.4552755250642207,False,False,False,0.007459207459207473,4,15,-0.4552755250642207,-0.07216494845360831,0,-0.007459207459207473,0.026718099
Food Quantity & Value for Money,2025-09-01,21,19.666666666666668,0.2004012040140504,False,False,False,-0.02377260981912155,3,21,0.2004012040140504,0.06779661016949146,0,0.02377260981912155,0.026674336
Cleanliness & Restroom Hygiene,2026-01-26,11,8.833333333333334,0.8455116894049919,False,False,False,-0.12162162162162171,2,11,0.8455116894049919,0.24528301886792445,0,0.12162162162162171,0.026525902
Service Quality,2026-06-15,16,13.166666666666666,0.6647526039549082,False,False,False,-0.07168458781362008,7,16,0.6647526039549082,0.21518987341772158,0,0.07168458781362008,0.026199045
Service Quality,2026-01-05,17,14.0,0.6993786061802354,False,False,False,-0.125925925925926,7,17,0.6993786061802354,0.21428571428571427,0,0.125925925925926,0.026199045
Parking & Accessibility,2025-10-13,13,11.0,0.7905694150420944,False,False,False,0.005952380952380931,5,13,0.7905694150420944,0.18181818181818182,0,-0.005952380952380931,0.026037904
Poor Experience & Food Hygiene Complaints,2026-03-02,2,4.0,-0.8770580193070242,False,False,False,0.0714285714285714,6,2,-0.8770580193070242,-0.5,0,-0.0714285714285714,0.025836846
Cleanliness & Restroom Hygiene,2026-04-20,12,11.0,0.08587567332159081,False,False,False,0.00454545454545463,2,12,0.08587567332159081,0.09090909090909091,0,-0.00454545454545463,0.025759408
Parking & Accessibility,2026-03-09,11,9.666666666666666,0.47538268854152815,False,False,False,-0.06219512195121957,5,11,0.47538268854152815,0.1379310344827587,0,0.06219512195121957,0.025527729
Food Quantity & Value for Money,2025-09-22,26,22.5,1.4409271967870798,False,False,False,0.01984126984126977,3,26,1.4409271967870798,0.15555555555555556,0,-0.01984126984126977,0.025209174
Food Quantity & Value for Money,2026-05-04,24,21.833333333333332,0.8725028717782216,False,False,False,-0.13728501228501222,3,24,0.8725028717782216,0.0992366412213741,0,0.13728501228501222,0.025195323
Food Variety & Fast Service,2025-09-29,19,15.5,0.8669104580816224,False,False,False,0.09262435677530023,4,19,0.8669104580816224,0.22580645161290322,0,-0.09262435677530023,0.025082136
Cleanliness & Restroom Hygiene,2026-05-18,10,9.166666666666666,0.20725666807242035,False,False,False,0.11538461538461542,2,10,0.20725666807242035,0.09090909090909098,0,-0.11538461538461542,0.02495606
Parking & Accessibility,2026-06-22,9,8.833333333333334,0.05694332404284069,False,False,False,-0.19005847953216382,5,9,0.05694332404284069,0.01886792452830182,0,0.19005847953216382,0.024621446
Parking & Accessibility,2026-07-06,10,9.333333333333334,0.22645540682891868,False,False,False,0.01797175866495504,5,10,0.22645540682891868,0.07142857142857136,0,-0.01797175866495504,0.023736427
Food Variety & Fast Service,2026-03-09,17,18.333333333333332,-0.47538268854152615,False,False,False,-0.11845431563741426,4,17,-0.47538268854152615,-0.07272727272727267,0,0.11845431563741426,0.02349262
Ambience & Seating,2025-12-15,9,10.0,-0.42257712736425845,False,False,False,0.1771871539313401,0,9,-0.42257712736425845,-0.1,0,-0.1771871539313401,0.023469867
Parking & Accessibility,2025-08-18,7,7.0,0.0,False,False,False,-0.2637362637362637,5,7,0.0,0.0,0,0.2637362637362637,0.02346806
Ambience & Seating,2026-02-23,13,14.5,-0.20431341198119823,False,False,False,0.07407407407407418,0,13,-0.20431341198119823,-0.10344827586206896,0,-0.07407407407407418,0.022715155
Service Quality,2026-07-20,14,15.166666666666666,-0.27995521074913343,False,False,False,0.08980755523877404,7,14,-0.27995521074913343,-0.07692307692307689,0,-0.08980755523877404,0.022162113
Staff Courtesy & Behaviour,2026-06-08,8,9.0,-0.2672612419124246,False,False,False,-0.1092581943645774,9,8,-0.2672612419124246,-0.1111111111111111,0,0.1092581943645774,0.021472814
Poor Experience & Food Hygiene Complaints,2026-05-25,7,10.166666666666666,-0.22293468402436392,False,False,False,-0.00512820512820511,6,7,-0.22293468402436392,-0.31147540983606553,0,0.00512820512820511,0.020756202
Food Variety & Fast Service,2025-08-18,15,14.25,0.13947203865909233,False,False,False,0.039682539682539764,4,15,0.13947203865909233,0.05263157894736842,0,-0.039682539682539764,0.020495227
Parking & Accessibility,2025-09-15,9,8.166666666666666,0.3899591344239565,False,False,False,0.013368983957219305,5,9,0.3899591344239565,0.1020408163265307,0,-0.013368983957219305,0.01998449
Billing & Online Ordering Issues,2025-12-08,7,5.666666666666667,0.8164965809277249,False,False,False,0.026315789473684292,1,7,0.8164965809277249,0.23529411764705876,0,-0.026315789473684292,0.019981183
Parking & Accessibility,2025-09-29,13,10.333333333333334,1.0031397251510377,False,False,False,-0.03837209302325584,5,13,1.0031397251510377,0.2580645161290322,0,0.03837209302325584,0.019740071
Parking & Accessibility,2026-04-27,7,8.666666666666666,-0.6454972243679016,False,False,False,0.15315315315315314,5,7,-0.6454972243679016,-0.19230769230769226,0,-0.15315315315315314,0.019730993
Poor Experience & Food Hygiene Complaints,2025-11-24,8,8.333333333333334,-0.030703171924317225,False,False,False,-0.0038610038610038533,6,8,-0.030703171924317225,-0.04000000000000007,0,0.0038610038610038533,0.01958946
Food Quantity & Value for Money,2026-03-02,24,19.833333333333332,1.0115573137905574,False,False,False,0.013372472276582004,3,24,1.0115573137905574,0.21008403361344544,0,-0.013372472276582004,0.01956419
Slow Service & Staff Negligence,2025-09-01,22,13.833333333333334,1.3579712889105482,False,False,False,-0.13636363636363646,8,22,1.3579712889105482,0.5903614457831324,0,0.13636363636363646,0.019231316
Food Quantity & Value for Money,2025-10-20,25,22.833333333333332,0.7774541189099284,False,False,False,-0.09321475625823439,3,25,0.7774541189099284,0.09489051094890516,0,0.09321475625823439,0.018515192
Service Quality,2026-03-16,15,15.5,-0.106843460792672,False,False,False,0.019791666666666652,7,15,-0.106843460792672,-0.03225806451612903,0,-0.019791666666666652,0.017795842
Slow Service & Staff Negligence,2025-12-22,11,13.833333333333334,-0.5716425586281312,False,False,False,0.10838709677419356,8,11,-0.5716425586281312,-0.20481927710843376,0,-0.10838709677419356,0.01756705
Food Variety & Fast Service,2026-03-02,19,17.166666666666668,0.4123582761971496,False,False,False,0.0022522522522521182,4,19,0.4123582761971496,0.1067961165048543,0,-0.0022522522522521182,0.017481634
Staff Courtesy & Behaviour,2025-10-20,8,7.5,0.19316685232156405,False,False,False,-0.0023809523809523725,9,8,0.19316685232156405,0.06666666666666667,0,0.0023809523809523725,0.01723271
Parking & Accessibility,2026-05-25,9,8.5,0.3296902366978921,False,False,False,-0.07575757575757569,5,9,0.3296902366978921,0.058823529411764705,0,0.07575757575757569,0.017169258
Food Quantity & Value for Money,2026-06-29,19,20.666666666666668,-0.5535093034625557,False,False,False,-0.026936026936026813,3,19,-0.5535093034625557,-0.08064516129032263,0,0.026936026936026813,0.016951349
Service Quality,2026-04-06,15,15.5,-0.362738125055004,False,False,False,-0.03571428571428581,7,15,-0.362738125055004,-0.03225806451612903,0,0.03571428571428581,0.01630912
Staff Courtesy & Behaviour,2025-09-15,9,8.833333333333334,0.05333048911642403,False,False,False,-0.15572232645403372,9,9,0.05333048911642403,0.01886792452830182,0,0.15572232645403372,0.015941769
Slow Service & Staff Negligence,2026-01-12,12,12.166666666666666,-0.11322770341445937,False,False,False,0.07571428571428584,8,12,-0.11322770341445937,-0.013698630136986254,0,-0.07571428571428584,0.015895654
Staff Courtesy & Behaviour,2026-05-04,9,8.0,0.4767312946227975,False,False,False,-0.08888888888888902,9,9,0.4767312946227975,0.125,0,0.08888888888888902,0.015833484
Staff Courtesy & Behaviour,2025-11-10,9,8.0,0.5000000000000003,False,False,False,0.10000000000000009,9,9,0.5000000000000003,0.125,0,-0.10000000000000009,0.015833484
Staff Courtesy & Behaviour,2026-05-11,9,8.0,0.4767312946227975,False,False,False,0.06000000000000005,9,9,0.4767312946227975,0.125,0,-0.06000000000000005,0.015833484
Food Variety & Fast Service,2026-01-19,14,15.833333333333334,-0.5749792108382459,False,False,False,0.015151515151515138,4,14,-0.5749792108382459,-0.11578947368421055,0,-0.015151515151515138,0.015709624
Slow Service & Staff Negligence,2026-05-25,13,16.0,-0.6846531968814573,False,False,False,0.09469696969696972,8,13,-0.6846531968814573,-0.1875,0,-0.09469696969696972,0.01539074
Slow Service & Staff Negligence,2025-11-10,13,11.166666666666666,0.5256003308242463,False,False,False,0.00707785642062686,8,13,0.5256003308242463,0.164179104477612,0,-0.00707785642062686,0.014801189
Service Quality,2025-11-03,22,15.166666666666666,1.9590557785267364,False,False,False,0.13934837092731844,7,22,1.9590557785267364,0.4505494505494506,0,-0.13934837092731844,0.014778454
Ambience & Seating,2026-01-05,7,11.166666666666666,-1.4580296087995097,False,False,False,-0.04574468085106376,0,7,-1.4580296087995097,-0.3731343283582089,0,0.04574468085106376,0.014698303
Parking & Accessibility,2026-06-29,10,9.166666666666666,0.2847166202142047,False,False,False,0.07222222222222241,5,10,0.2847166202142047,0.09090909090909098,0,-0.07222222222222241,0.014097003
Service Quality,2026-01-19,10,13.666666666666666,-0.8065591326174432,False,False,False,-0.022312373225152227,7,10,-0.8065591326174432,-0.26829268292682923,0,0.022312373225152227,0.013991373
Slow Service & Staff Negligence,2026-02-16,12,15.5,-0.3357014926691759,False,False,False,0.04347826086956541,8,12,-0.3357014926691759,-0.22580645161290322,0,-0.04347826086956541,0.013749002
Service Quality,2026-02-02,38,18.166666666666668,1.9321644642810496,False,True,False,-0.015319426336375397,7,38,1.9321644642810496,1.091743119266055,0,0.015319426336375397,0.013699282
Food Variety & Fast Service,2026-04-13,19,17.833333333333332,0.4420122177473799,False,False,False,0.07847082494969815,4,19,0.4420122177473799,0.06542056074766363,0,-0.07847082494969815,0.013638621
Food Quantity & Value for Money,2025-10-13,24,22.333333333333332,0.6454972243679024,False,False,False,-0.010204081632652962,3,24,0.6454972243679024,0.07462686567164185,0,0.010204081632652962,0.013558978
Slow Service & Staff Negligence,2025-09-29,7,13.166666666666666,-1.0675643492050675,False,False,False,0.0,8,7,-1.0675643492050675,-0.46835443037974683,0,-0.0,0.013479186
Billing & Online Ordering Issues,2026-03-16,6,9.0,-0.9890707100936847,False,False,False,0.03488372093023262,1,6,-0.9890707100936847,-0.3333333333333333,0,-0.03488372093023262,0.012467489
Parking & Accessibility,2026-07-13,9,10.0,-0.4767312946227953,False,False,False,0.02494802494802495,5,9,-0.4767312946227953,-0.1,0,-0.02494802494802495,0.011985843
Food Quantity & Value for Money,2026-02-02,20,20.833333333333332,-0.2990208149653561,False,False,False,0.018604651162790864,3,20,-0.2990208149653561,-0.039999999999999945,0,-0.018604651162790864,0.011952929
Parking & Accessibility,2025-12-01,11,10.5,0.12867125316374464,False,False,False,0.1133720930232558,5,11,0.12867125316374464,0.047619047619047616,0,-0.1133720930232558,0.011727538
Service Quality,2025-08-25,13,13.4,-0.07952427724875448,False,False,False,0.14666666666666672,7,13,-0.07952427724875448,-0.029850746268656744,0,-0.14666666666666672,0.0115237925
Food Quantity & Value for Money,2025-10-06,23,21.833333333333332,0.469809238649817,False,False,False,-0.01809733431156757,3,23,0.469809238649817,0.05343511450381685,0,0.01809733431156757,0.011452442
Parking & Accessibility,2025-11-24,9,10.5,-0.38601375949123395,False,False,False,0.03837209302325584,5,9,-0.38601375949123395,-0.14285714285714285,0,-0.03837209302325584,0.0113119865
Staff Courtesy & Behaviour,2026-01-12,9,8.0,0.26352313834736496,False,False,False,0.15490196078431362,9,9,0.26352313834736496,0.125,0,-0.15490196078431362,0.010785714
Parking & Accessibility,2026-03-02,7,9.5,-0.912870929175276,False,False,False,-0.11111111111111116,5,7,-0.912870929175276,-0.2631578947368421,0,0.11111111111111116,0.010339653
Slow Service & Staff Negligence,2026-04-20,17,14.666666666666666,0.7583649325305185,False,False,False,0.02121504339440694,8,17,0.7583649325305185,0.15909090909090914,0,-0.02121504339440694,0.010289799
Slow Service & Staff Negligence,2026-07-06,10,11.666666666666666,-0.5661385170722992,False,False,False,-0.16237799467613123,8,10,-0.5661385170722992,-0.14285714285714282,0,0.16237799467613123,0.00999562
Food Quantity & Value for Money,2026-07-13,23,20.5,0.8894600837060173,False,False,False,0.03934652554072704,3,23,0.8894600837060173,0.12195121951219512,0,-0.03934652554072704,0.009849945
Service Quality,2025-09-29,12,13.666666666666666,-0.40824829046386296,False,False,False,0.09311740890688247,7,12,-0.40824829046386296,-0.12195121951219508,0,-0.09311740890688247,0.009508566
Food Quantity & Value for Money,2025-08-25,21,19.4,0.21613729078331986,False,False,False,0.15037593984962405,3,21,0.21613729078331986,0.08247422680412379,0,-0.15037593984962405,0.009450698
Service Quality,2025-10-27,15,13.0,0.9128709291752769,False,False,False,0.03353353353353361,7,15,0.9128709291752769,0.15384615384615385,0,-0.03353353353353361,0.009414732
Slow Service & Staff Negligence,2026-02-02,36,16.666666666666668,1.9623283621077794,False,True,False,-0.053333333333333455,8,36,1.9623283621077794,1.16,0,0.053333333333333455,0.009003531
Food Quantity & Value for Money,2025-11-10,20,25.5,-0.699064687852925,False,False,False,0.011363636363636465,3,20,-0.699064687852925,-0.21568627450980393,0,-0.011363636363636465,0.008946966
Food Variety & Fast Service,2026-01-05,18,16.333333333333332,0.6269623282193956,False,False,False,-0.023076923076922995,4,18,0.6269623282193956,0.1020408163265307,0,0.023076923076922995,0.008926654
Service Quality,2026-03-23,15,15.666666666666666,-0.14388861576723835,False,False,False,0.1737327188940092,7,15,-0.14388861576723835,-0.042553191489361666,0,-0.1737327188940092,0.00877247
Ambience & Seating,2025-10-27,10,11.666666666666666,-0.9517337345335999,False,False,False,0.0,0,10,-0.9517337345335999,-0.14285714285714282,0,-0.0,0.0087682605
Staff Courtesy & Behaviour,2025-11-03,8,7.833333333333333,0.08587567332159099,False,False,False,0.13092979127134718,9,8,0.08587567332159099,0.02127659574468089,0,-0.13092979127134718,0.008483233
Cleanliness & Restroom Hygiene,2026-07-20,6,6.333333333333333,-0.40824829046388134,False,False,False,0.045454545454545414,2,6,-0.40824829046388134,-0.052631578947368376,0,-0.045454545454545414,0.0077080876
Parking & Accessibility,2026-02-23,12,9.666666666666666,0.9036961141150632,False,False,False,0.13157894736842102,5,12,0.9036961141150632,0.24137931034482765,0,-0.13157894736842102,0.0075519327
Slow Service & Staff Negligence,2025-10-13,10,10.0,0.0,False,False,False,0.06666666666666665,8,10,0.0,0.0,0,-0.06666666666666665,0.007346834
Staff Courtesy & Behaviour,2025-09-08,9,8.666666666666666,0.10611908999450241,False,False,False,-0.2920634920634919,9,9,0.10611908999450241,0.03846153846153853,0,0.2920634920634919,0.0070033106
Staff Courtesy & Behaviour,2025-10-13,11,7.666666666666667,1.2539246564387982,False,False,False,-0.13157894736842102,9,11,1.2539246564387982,0.4347826086956521,0,0.13157894736842102,0.005987906
Service Quality,2025-09-08,15,14.666666666666666,0.1159347239400423,False,False,False,-0.02490421455938696,7,15,0.1159347239400423,0.02272727272727277,0,0.02490421455938696,0.005688891
Staff Courtesy & Behaviour,2026-03-02,24,9.0,1.9764235376052373,False,True,False,0.5083333333333333,9,24,1.9764235376052373,1.6666666666666667,0,-0.5083333333333333,0.005397424
Ambience & Seating,2026-07-20,10,10.666666666666666,-0.21223817998900418,False,False,False,0.05555555555555558,0,10,-0.21223817998900418,-0.062499999999999944,0,-0.05555555555555558,0.0052721393
Slow Service & Staff Negligence,2026-06-15,15,14.333333333333334,0.14388861576723844,False,False,False,-0.10416666666666674,8,15,0.14388861576723844,0.0465116279069767,0,0.10416666666666674,0.0043764226
Service Quality,2025-12-01,13,14.833333333333334,-0.45042643182833364,False,False,False,-0.020983606557376966,7,13,-0.45042643182833364,-0.12359550561797757,0,0.020983606557376966,0.003906899
Slow Service & Staff Negligence,2026-01-05,14,13.166666666666666,0.29902081496535765,False,False,False,0.04909983633387904,8,14,0.29902081496535765,0.06329113924050637,0,-0.04909983633387904,0.0024091972
Poor Experience & Food Hygiene Complaints,2026-03-16,1,3.3333333333333335,-1.4288690166235039,False,False,False,0.30000000000000004,6,1,-1.4288690166235039,-0.7000000000000001,0,-0.30000000000000004,0.0023377475
Slow Service & Staff Negligence,2025-12-15,11,14.166666666666666,-0.6607746403293414,False,False,False,-0.05365126676602072,8,11,-0.6607746403293414,-0.22352941176470584,0,0.05365126676602072,0.0014675878
Slow Service & Staff Negligence,2026-04-27,17,15.833333333333334,0.5459427881935367,False,False,False,0.037518037518037506,8,17,0.5459427881935367,0.07368421052631575,0,-0.037518037518037506,0.0013675492
Slow Service & Staff Negligence,2025-11-24,22,13.0,1.601028150670845,False,True,False,-0.11323529411764688,8,22,1.601028150670845,0.6923076923076923,0,0.11323529411764688,0.0010388268
Parking & Accessibility,2025-08-25,6,6.8,-0.9561828874675147,False,False,False,-0.2232142857142858,5,6,-0.9561828874675147,-0.11764705882352938,0,0.2232142857142858,0.00094701885
Poor Experience & Food Hygiene Complaints,2026-01-05,4,3.3333333333333335,0.44280744277004125,False,False,False,-0.19999999999999996,6,4,0.44280744277004125,0.19999999999999996,0,0.19999999999999996,0.00076209847
Poor Experience & Food Hygiene Complaints,2026-03-30,4,3.3333333333333335,0.4428074427700414,False,False,False,-0.06666666666666665,6,4,0.4428074427700414,0.19999999999999996,0,0.06666666666666665,0.00076209847
Service Quality,2026-03-30,16,16.833333333333332,-0.2516410173661554,False,False,False,-0.016129032258064502,7,16,-0.2516410173661554,-0.04950495049504944,0,0.016129032258064502,0.0005785293
Service Quality,2026-07-13,15,14.5,0.10684346079267203,False,False,False,0.20355951056729693,7,15,0.10684346079267203,0.034482758620689655,0,-0.20355951056729693,9.751797e-05
Service Quality,2026-06-22,15,14.166666666666666,0.22140372138502382,False,False,False,-0.07377049180327866,7,15,0.22140372138502382,0.05882352941176475,0,0.07377049180327866,-0.00036730687
Slow Service & Staff Negligence,2025-12-08,11,14.833333333333334,-0.8452683953536206,False,False,False,-0.09884559884559874,8,11,-0.8452683953536206,-0.25842696629213485,0,0.09884559884559874,-0.0012041066
Slow Service & Staff Negligence,2026-06-01,11,15.0,-0.8377078165833909,False,False,False,0.0754838709677419,8,11,-0.8377078165833909,-0.26666666666666666,0,-0.0754838709677419,-0.0012041066
Service Quality,2025-09-15,21,15.666666666666666,1.3740107731454527,False,False,False,-0.13396226415094326,7,21,1.3740107731454527,0.34042553191489366,0,0.13396226415094326,-0.0013915257
Food Quantity & Value for Money,2026-07-06,25,20.833333333333332,1.2817984867649652,False,False,False,0.10000000000000009,3,25,1.2817984867649652,0.20000000000000007,0,-0.10000000000000009,-0.0014970764
Food Quantity & Value for Money,2026-03-09,18,19.166666666666668,-0.29015933530138743,False,False,False,-0.022402597402597424,3,18,-0.29015933530138743,-0.06086956521739136,0,0.022402597402597424,-0.001554796
Service Quality,2025-11-17,16,15.666666666666666,0.10206207261596595,False,False,False,0.10096153846153855,7,16,0.10206207261596595,0.02127659574468089,0,-0.10096153846153855,-0.0022183578
Cleanliness & Restroom Hygiene,2026-06-01,12,9.833333333333334,0.5839527438950042,False,False,False,0.09459459459459452,2,12,0.5839527438950042,0.2203389830508474,0,-0.09459459459459452,-0.0022314203
Food Variety & Fast Service,2026-06-22,17,20.833333333333332,-0.3741544222686485,False,False,False,0.057889237199582055,4,17,-0.3741544222686485,-0.18399999999999994,0,-0.057889237199582055,-0.002346685
Service Quality,2026-06-01,17,13.5,0.900698772146212,False,False,False,0.12200435729847481,7,17,0.900698772146212,0.25925925925925924,0,-0.12200435729847481,-0.0038227797
Food Quantity & Value for Money,2026-05-18,18,20.333333333333332,-0.5183052680392037,False,False,False,0.12142857142857144,3,18,-0.5183052680392037,-0.11475409836065568,0,-0.12142857142857144,-0.004221922
Slow Service & Staff Negligence,2026-07-13,13,12.0,0.33709993123162185,False,False,False,0.13333333333333353,8,13,0.33709993123162185,0.08333333333333333,0,-0.13333333333333353,-0.004249792
Food Variety & Fast Service,2025-09-08,16,16.833333333333332,-0.28471662021420435,False,False,False,0.01978021978021971,4,16,-0.28471662021420435,-0.04950495049504944,0,-0.01978021978021971,-0.004668349
Parking & Accessibility,2025-11-03,7,10.0,-1.088214375165017,False,False,False,0.06000000000000005,5,7,-1.088214375165017,-0.3,0,-0.06000000000000005,-0.005103605
Slow Service & Staff Negligence,2026-01-19,16,13.0,1.5000000000000004,False,False,False,-0.0490196078431373,8,16,1.5000000000000004,0.23076923076923078,0,0.0490196078431373,-0.005241554
Parking & Accessibility,2025-10-27,9,11.0,-0.7905694150420944,False,False,False,-0.017045454545454586,5,9,-0.7905694150420944,-0.18181818181818182,0,0.017045454545454586,-0.009098536
Food Quantity & Value for Money,2026-03-16,22,19.5,0.5976143046671962,False,False,False,0.0777489177489179,3,22,0.5976143046671962,0.1282051282051282,0,-0.0777489177489179,-0.009454425
Service Quality,2026-07-06,22,14.833333333333334,1.4954373439032458,False,False,False,-0.04054054054054057,7,22,1.4954373439032458,0.4831460674157303,0,0.04054054054054057,-0.009852476
Food Quantity & Value for Money,2026-02-09,20,21.0,-0.3726779962499638,False,False,False,0.15419119708438456,3,20,-0.3726779962499638,-0.047619047619047616,0,-0.15419119708438456,-0.010060582
Parking & Accessibility,2025-12-29,10,10.166666666666666,-0.06711560552140212,False,False,False,0.16666666666666674,5,10,-0.06711560552140212,-0.01639344262295076,0,-0.16666666666666674,-0.010496744
Staff Courtesy & Behaviour,2026-06-15,39,14.0,1.952172023607576,False,True,False,0.015555555555555545,9,39,1.952172023607576,1.7857142857142858,0,-0.015555555555555545,-0.010896288
Staff Courtesy & Behaviour,2025-09-01,12,8.0,1.1547005383792517,False,False,False,-0.18279569892473124,9,12,1.1547005383792517,0.5,0,0.18279569892473124,-0.010924201
Service Quality,2025-08-11,20,13.666666666666666,0.8926978728963852,False,False,False,0.07792207792207773,7,20,0.8926978728963852,0.46341463414634154,0,-0.07792207792207773,-0.011112681
Staff Courtesy & Behaviour,2026-06-01,7,8.833333333333334,-0.480353924946273,False,False,False,-0.24615384615384617,9,7,-0.480353924946273,-0.20754716981132082,0,0.24615384615384617,-0.011482008
Slow Service & Staff Negligence,2026-06-22,7,11.666666666666666,-1.5851878478024382,False,False,False,-0.13490566037735863,8,7,-1.5851878478024382,-0.39999999999999997,0,0.13490566037735863,-0.011868812
Slow Service & Staff Negligence,2025-11-17,10,11.0,-0.28398091712353235,False,False,False,-0.08695652173913038,8,10,-0.28398091712353235,-0.09090909090909091,0,0.08695652173913038,-0.011928617
Food Variety & Fast Service,2026-04-06,18,17.833333333333332,0.06314460253534036,False,False,False,0.08185328185328178,4,18,0.06314460253534036,0.009345794392523431,0,-0.08185328185328178,-0.01195785
Billing & Online Ordering Issues,2026-03-23,10,9.833333333333334,0.07194430788361957,False,False,False,0.2192982456140351,1,10,0.07194430788361957,0.01694915254237282,0,-0.2192982456140351,-0.013021119
Billing & Online Ordering Issues,2026-03-02,10,9.833333333333334,0.061406343848634456,False,False,False,-0.10526315789473695,1,10,0.061406343848634456,0.01694915254237282,0,0.10526315789473695,-0.013021119
Parking & Accessibility,2026-02-02,6,7.5,-0.6918984060216609,False,False,False,0.08505747126436791,5,6,-0.6918984060216609,-0.2,0,-0.08505747126436791,-0.013823213
Parking & Accessibility,2026-03-16,9,10.166666666666666,-0.5234971031459833,False,False,False,0.20519835841313272,5,9,-0.5234971031459833,-0.11475409836065568,0,-0.20519835841313272,-0.014018386
Cleanliness & Restroom Hygiene,2025-11-10,5,8.666666666666666,-1.2455047375590547,False,False,False,0.02777777777777768,2,5,-1.2455047375590547,-0.423076923076923,0,-0.02777777777777768,-0.0149938315
Slow Service & Staff Negligence,2026-01-26,8,12.5,-1.601028150670846,False,False,False,0.0,8,8,-1.601028150670846,-0.36,0,-0.0,-0.015944017
Poor Experience & Food Hygiene Complaints,2026-06-29,4,7.5,-0.6083507495196231,False,False,False,0.10784313725490202,6,4,-0.6083507495196231,-0.4666666666666667,0,-0.10784313725490202,-0.016007615
Service Quality,2025-10-06,14,13.833333333333334,0.04094785743893926,False,False,False,0.11403508771929816,7,14,0.04094785743893926,0.012048192771084295,0,-0.11403508771929816,-0.01662424
Cleanliness & Restroom Hygiene,2026-06-29,6,8.666666666666666,-1.1009637651263688,False,False,False,0.16666666666666674,2,6,-1.1009637651263688,-0.30769230769230765,0,-0.16666666666666674,-0.016875444
Slow Service & Staff Negligence,2026-05-11,23,16.833333333333332,1.7395640581162857,False,True,False,0.030303030303030276,8,23,1.7395640581162857,0.36633663366336644,0,-0.030303030303030276,-0.016942568
Ambience & Seating,2025-09-22,15,11.166666666666666,0.8452683953536204,False,False,False,-0.039682539682539764,0,15,0.8452683953536204,0.3432835820895523,0,0.039682539682539764,-0.018305095
Food Variety & Fast Service,2025-12-15,15,17.833333333333332,-0.6247635965657181,False,False,False,-0.05555555555555536,4,15,-0.6247635965657181,-0.15887850467289713,0,0.05555555555555536,-0.01884705
Food Variety & Fast Service,2025-08-25,21,15.6,0.9730124597112036,False,False,False,-0.018546365914786866,4,21,0.9730124597112036,0.3461538461538462,0,0.018546365914786866,-0.018886574
Ambience & Seating,2025-11-24,7,9.333333333333334,-1.1866111313364203,False,False,False,0.05263157894736836,0,7,-1.1866111313364203,-0.25000000000000006,0,-0.05263157894736836,-0.02128135
Parking & Accessibility,2025-09-01,10,7.333333333333333,1.7712297710801905,False,False,False,-0.014652014652014822,5,10,1.7712297710801905,0.3636363636363637,0,0.014652014652014822,-0.022410324
Staff Courtesy & Behaviour,2025-08-11,3,5.333333333333333,-0.9271726499455306,False,False,False,0.18131868131868134,9,3,-0.9271726499455306,-0.43749999999999994,0,-0.18131868131868134,-0.02248436
Ambience & Seating,2026-06-08,13,10.166666666666666,0.9461982889345406,False,False,False,-0.058139534883721034,0,13,0.9461982889345406,0.278688524590164,0,0.058139534883721034,-0.023650575
Slow Service & Staff Negligence,2026-05-18,10,16.5,-1.5718652085716904,False,False,False,0.01727218582489587,8,10,-1.5718652085716904,-0.3939393939393939,0,-0.01727218582489587,-0.023780646
Poor Experience & Food Hygiene Complaints,2025-11-03,2,3.6666666666666665,-0.6881023532039752,False,False,False,-0.03819444444444442,6,2,-0.6881023532039752,-0.45454545454545453,0,0.03819444444444442,-0.02401774
Ambience & Seating,2025-10-20,11,12.666666666666666,-0.7404360971988643,False,False,False,0.020408163265306145,0,11,-0.7404360971988643,-0.13157894736842102,0,-0.020408163265306145,-0.024465224
Poor Experience & Food Hygiene Complaints,2026-06-15,4,7.166666666666667,-0.5324824346382147,False,False,False,0.2294117647058822,6,4,-0.5324824346382147,-0.4418604651162791,0,-0.2294117647058822,-0.024720589
Cleanliness & Restroom Hygiene,2025-08-18,3,4.75,-0.6654104630507017,False,False,False,0.25,2,3,-0.6654104630507017,-0.3684210526315789,0,-0.25,-0.02588656
Staff Courtesy & Behaviour,2026-03-23,8,9.5,-0.19781414201873612,False,False,False,-0.07189542483660127,9,8,-0.19781414201873612,-0.15789473684210525,0,0.07189542483660127,-0.027868342
Service Quality,2025-12-08,12,14.333333333333334,-0.5520202606419481,False,False,False,0.14743589743589758,7,12,-0.5520202606419481,-0.16279069767441864,0,-0.14743589743589758,-0.027896022
Cleanliness & Restroom Hygiene,2026-06-08,10,9.833333333333334,0.0449194418380771,False,False,False,0.10597826086956519,2,10,0.0449194418380771,0.01694915254237282,0,-0.10597826086956519,-0.029025774
Cleanliness & Restroom Hygiene,2026-05-25,10,9.833333333333334,0.0449194418380771,False,False,False,0.3120393120393121,2,10,0.0449194418380771,0.01694915254237282,0,-0.3120393120393121,-0.029025774
Food Variety & Fast Service,2025-08-11,20,14.0,0.914991421995628,False,False,False,0.025974025974025983,4,20,0.914991421995628,0.42857142857142855,0,-0.025974025974025983,-0.029939419
Slow Service & Staff Negligence,2025-08-11,8,9.333333333333334,-0.3202563076101744,False,False,False,-0.034782608695652195,8,8,-0.3202563076101744,-0.1428571428571429,0,0.034782608695652195,-0.03011229
Cleanliness & Restroom Hygiene,2025-10-20,7,7.666666666666667,-0.2752409412815902,False,False,False,0.02941176470588225,2,7,-0.2752409412815902,-0.08695652173913047,0,-0.02941176470588225,-0.030553967
Staff Courtesy & Behaviour,2026-04-06,11,11.5,-0.07799182688479128,False,False,False,0.06985294117647056,9,11,-0.07799182688479128,-0.043478260869565216,0,-0.06985294117647056,-0.030821467
Ambience & Seating,2026-07-13,15,11.166666666666666,1.1792546078237744,False,True,False,0.12717948717948713,0,15,1.1792546078237744,0.3432835820895523,0,-0.12717948717948713,-0.03107145
Parking & Accessibility,2026-01-26,10,7.5,1.1531640100361014,False,False,False,-0.07974137931034475,5,10,1.1531640100361014,0.3333333333333333,0,0.07974137931034475,-0.03225439
Poor Experience & Food Hygiene Complaints,2026-06-01,19,6.833333333333333,1.9797815933580232,False,True,False,0.05555555555555558,6,19,1.9797815933580232,1.780487804878049,0,-0.05555555555555558,-0.032566708
Service Quality,2026-02-09,14,18.5,-0.44754523336199714,False,False,False,0.11521739130434794,7,14,-0.44754523336199714,-0.24324324324324326,0,-0.11521739130434794,-0.032741256
Staff Courtesy & Behaviour,2026-07-27,7,8.166666666666666,-0.4186291409515005,False,False,False,0.1198156682027649,9,7,-0.4186291409515005,-0.1428571428571428,0,-0.1198156682027649,-0.034158282
Billing & Online Ordering Issues,2026-02-23,13,9.5,1.2452441171884414,False,False,False,-0.049516908212560384,1,13,1.2452441171884414,0.3684210526315789,0,0.049516908212560384,-0.035307936
Service Quality,2026-06-08,10,13.0,-0.7233642332556175,False,False,False,-0.04716981132075482,7,10,-0.7233642332556175,-0.23076923076923078,0,0.04716981132075482,-0.036365632
Ambience & Seating,2025-12-01,13,9.666666666666666,1.376204706407952,False,False,False,0.04285714285714293,0,13,1.376204706407952,0.34482758620689663,0,-0.04285714285714293,-0.03686634
Billing & Online Ordering Issues,2026-02-09,5,15.333333333333334,-0.6044366583571323,False,False,False,-0.04054054054054057,1,5,-0.6044366583571323,-0.6739130434782609,0,0.04054054054054057,-0.037919786
Slow Service & Staff Negligence,2025-08-18,15,10.75,0.9603855608722545,False,False,False,-0.006493506493506329,8,15,0.9603855608722545,0.3953488372093023,0,0.006493506493506329,-0.0387516
Cleanliness & Restroom Hygiene,2025-11-03,7,9.333333333333334,-0.9979654098963516,False,False,False,0.02499999999999991,2,7,-0.9979654098963516,-0.25000000000000006,0,-0.02499999999999991,-0.03930434
Poor Experience & Food Hygiene Complaints,2025-10-13,2,3.8333333333333335,-0.6754697823349777,False,False,False,-0.07058823529411784,6,2,-0.6754697823349777,-0.4782608695652174,0,0.07058823529411784,-0.039572395
Service Quality,2026-04-20,48,20.333333333333332,2.035928784817183,True,True,True,0.35871075298694066,7,48,2.035928784817183,1.3606557377049182,1,-0.35871075298694066,-0.04009593
Staff Courtesy & Behaviour,2026-02-23,4,9.166666666666666,-0.6470138626729927,False,False,False,0.39010989010989006,9,4,-0.6470138626729927,-0.5636363636363636,0,-0.39010989010989006,-0.04046652
Staff Courtesy & Behaviour,2026-04-27,7,7.833333333333333,-0.40824829046386407,False,False,False,-0.28125,9,7,-0.40824829046386407,-0.10638297872340423,0,0.28125,-0.04110728
Ambience & Seating,2026-06-15,9,10.833333333333334,-0.9991745768300428,False,False,False,0.04347826086956519,0,9,-0.9991745768300428,-0.16923076923076927,0,-0.04347826086956519,-0.04131756
Parking & Accessibility,2025-12-22,6,10.0,-1.581138830084188,False,False,False,-0.09583333333333344,5,6,-1.581138830084188,-0.4,0,0.09583333333333344,-0.043511074
Cleanliness & Restroom Hygiene,2025-10-06,11,8.0,1.2247448713915887,False,False,False,-0.014285714285714235,2,11,1.2247448713915887,0.375,0,0.014285714285714235,-0.043816093
Slow Service & Staff Negligence,2025-10-27,13,9.166666666666666,1.3413872400955502,False,True,False,0.15259740259740262,8,13,1.3413872400955502,0.41818181818181827,0,-0.15259740259740262,-0.04482245
Staff Courtesy & Behaviour,2026-04-20,7,8.5,-0.6396021490668328,False,False,False,-0.3398268398268398,9,7,-0.6396021490668328,-0.17647058823529413,0,0.3398268398268398,-0.04498359
Billing & Online Ordering Issues,2025-12-01,4,5.166666666666667,-0.7282190812544184,False,False,False,0.07114624505928857,1,4,-0.7282190812544184,-0.22580645161290328,0,-0.07114624505928857,-0.045998048
Food Variety & Fast Service,2026-01-12,12,15.833333333333334,-1.2022292590254229,False,False,False,0.007246376811594235,4,12,-1.2022292590254229,-0.24210526315789477,0,-0.007246376811594235,-0.047033258
Poor Experience & Food Hygiene Complaints,2025-10-06,8,3.8333333333333335,1.535158596215858,False,True,False,-0.2153846153846155,6,8,1.535158596215858,1.0869565217391302,0,0.2153846153846155,-0.048865613
Ambience & Seating,2025-12-29,15,11.166666666666666,1.3413872400955493,False,False,False,0.03535353535353525,0,15,1.3413872400955493,0.3432835820895523,0,-0.03535353535353525,-0.049165707
Staff Courtesy & Behaviour,2026-01-19,25,10.666666666666666,1.7991789288248046,False,True,False,0.08064516129032251,9,25,1.7991789288248046,1.3437500000000002,0,-0.08064516129032251,-0.04967718
Cleanliness & Restroom Hygiene,2026-05-04,3,6.833333333333333,-1.0989825099052457,False,False,False,-0.1433823529411764,2,3,-1.0989825099052457,-0.5609756097560975,0,0.1433823529411764,-0.049952473
Ambience & Seating,2025-11-03,8,10.5,-1.8136906252750298,False,False,False,0.0043604651162789665,0,8,-1.8136906252750298,-0.23809523809523808,0,-0.0043604651162789665,-0.050229892
Ambience & Seating,2026-05-18,13,8.833333333333334,1.361432850668808,False,False,False,0.0625,0,13,1.361432850668808,0.47169811320754707,0,-0.0625,-0.050314296
Ambience & Seating,2025-09-08,14,9.666666666666666,1.3268069440075547,False,False,False,0.1958333333333333,0,14,1.3268069440075547,0.4482758620689656,0,-0.1958333333333333,-0.050314296
Food Quantity & Value for Money,2025-09-29,19,21.5,-1.0292337119907722,False,False,False,-0.018191546281433935,3,19,-1.0292337119907722,-0.11627906976744186,0,0.018191546281433935,-0.050508484
Parking & Accessibility,2025-09-08,11,7.833333333333333,1.481844710811034,False,False,False,0.01724137931034475,5,11,1.481844710811034,0.4042553191489362,0,-0.01724137931034475,-0.051331382
Parking & Accessibility,2025-09-22,13,9.333333333333334,1.4200938936093856,False,False,False,0.0064102564102563875,5,13,1.4200938936093856,0.3928571428571428,0,-0.0064102564102563875,-0.05175544
Cleanliness & Restroom Hygiene,2026-04-27,10,7.0,0.9128709291752803,False,False,False,-0.07967032967032961,2,10,0.9128709291752803,0.42857142857142855,0,0.07967032967032961,-0.051793244
Staff Courtesy & Behaviour,2026-05-25,5,8.833333333333334,-1.004376388524025,False,False,False,-0.07113821138211374,9,5,-1.004376388524025,-0.4339622641509434,0,0.07113821138211374,-0.052493185
Slow Service & Staff Negligence,2025-08-25,18,12.2,1.155387655689914,False,False,False,0.018604651162790864,8,18,1.155387655689914,0.47540983606557385,0,-0.018604651162790864,-0.05367576
Food Variety & Fast Service,2026-03-30,14,17.333333333333332,-1.1593472394004154,False,False,False,-0.07791666666666663,4,14,-1.1593472394004154,-0.19230769230769226,0,0.07791666666666663,-0.054728188
Poor Experience & Food Hygiene Complaints,2025-10-20,3,3.6666666666666665,-0.24397501823713322,False,False,False,0.11538461538461542,6,3,-0.24397501823713322,-0.1818181818181818,0,-0.11538461538461542,-0.055935368
Staff Courtesy & Behaviour,2025-12-29,5,6.5,-0.5976143046671971,False,False,False,0.1389473684210527,9,5,-0.5976143046671971,-0.23076923076923078,0,-0.1389473684210527,-0.05655443
Ambience & Seating,2026-03-16,7,12.5,-1.9090778698767106,False,False,False,0.0535714285714286,0,7,-1.9090778698767106,-0.44,0,-0.0535714285714286,-0.05667472
Service Quality,2026-01-26,19,13.333333333333334,1.4408849451942223,False,False,False,0.06983805668016196,7,19,1.4408849451942223,0.42499999999999993,0,-0.06983805668016196,-0.05941835
Parking & Accessibility,2026-02-16,13,8.666666666666666,1.6301020533704345,False,False,False,0.05575757575757567,5,13,1.6301020533704345,0.5000000000000001,0,-0.05575757575757567,-0.060522076
Food Variety & Fast Service,2026-02-02,22,15.166666666666666,1.585862888504876,False,False,False,0.058139534883721034,4,22,1.585862888504876,0.4505494505494506,0,-0.058139534883721034,-0.06085211
Cleanliness & Restroom Hygiene,2025-09-01,9,6.166666666666667,0.94619828893454,False,False,False,0.05128205128205132,2,9,0.94619828893454,0.4594594594594594,0,-0.05128205128205132,-0.06266644
Food Quantity & Value for Money,2026-02-23,12,20.166666666666668,-1.7835288314854327,False,False,False,-0.07831325301204828,3,12,-1.7835288314854327,-0.40495867768595045,0,0.07831325301204828,-0.06297041
Cleanliness & Restroom Hygiene,2026-01-12,11,7.333333333333333,1.1443442705426636,False,False,False,-0.25708502024291513,2,11,1.1443442705426636,0.5000000000000001,0,0.25708502024291513,-0.06349984
Staff Courtesy & Behaviour,2026-01-05,14,7.333333333333333,1.6951587590520263,False,False,False,0.04173913043478272,9,14,1.6951587590520263,0.9090909090909092,0,-0.04173913043478272,-0.06423449
Ambience & Seating,2026-04-06,17,11.666666666666666,1.276126454445392,False,True,False,0.04410256410256408,0,17,1.276126454445392,0.45714285714285724,0,-0.04410256410256408,-0.06500875
Food Variety & Fast Service,2026-02-09,21,16.166666666666668,0.983192080250173,False,False,False,0.07735321528424977,4,21,0.983192080250173,0.29896907216494834,0,-0.07735321528424977,-0.06664696
Service Quality,2025-12-15,21,14.166666666666666,1.7663227523106773,False,False,False,0.20392156862745114,7,21,1.7663227523106773,0.48235294117647065,0,-0.20392156862745114,-0.06786026
Ambience & Seating,2025-09-15,16,10.333333333333334,1.3716816017817932,False,False,False,0.11290322580645151,0,16,1.3716816017817932,0.5483870967741935,0,-0.11290322580645151,-0.06796603
Slow Service & Staff Negligence,2026-03-30,18,12.333333333333334,1.673435865786085,False,False,False,0.15555555555555567,8,18,1.673435865786085,0.4594594594594594,0,-0.15555555555555567,-0.06811979
Billing & Online Ordering Issues,2025-10-06,11,8.333333333333334,0.7377111135633174,False,False,False,0.101010101010101,1,11,0.7377111135633174,0.3199999999999999,0,-0.101010101010101,-0.06865012
Food Quantity & Value for Money,2026-01-12,19,22.333333333333332,-0.882505637022758,False,False,False,0.12323232323232314,3,19,-0.882505637022758,-0.14925373134328354,0,-0.12323232323232314,-0.06878633
Parking & Accessibility,2025-08-11,6,7.0,-1.0,False,False,False,0.2923076923076924,5,6,-1.0,-0.14285714285714285,0,-0.2923076923076924,-0.06956016
Poor Experience & Food Hygiene Complaints,2025-09-08,4,4.333333333333333,-0.16137430609197553,False,False,False,0.1705882352941177,6,4,-0.16137430609197553,-0.07692307692307686,0,-0.1705882352941177,-0.06991818
Slow Service & Staff Negligence,2026-03-16,10,10.333333333333334,-0.3227486121839541,False,False,False,0.20465116279069773,8,10,-0.3227486121839541,-0.03225806451612909,0,-0.20465116279069773,-0.070104554
Parking & Accessibility,2026-07-20,4,8.333333333333334,-1.9251338527170458,False,True,False,-0.045454545454545414,5,4,-1.9251338527170458,-0.52,0,0.045454545454545414,-0.07023467
Slow Service & Staff Negligence,2026-07-20,17,12.5,1.2627304498492078,False,False,False,0.18040873854827333,8,17,1.2627304498492078,0.36,0,-0.18040873854827333,-0.07210899
Food Quantity & Value for Money,2026-05-11,13,20.833333333333332,-1.7986683872225815,False,False,False,0.06487061325770993,3,13,-1.7986683872225815,-0.37599999999999995,0,-0.06487061325770993,-0.073051035
Ambience & Seating,2025-10-13,11,13.166666666666666,-1.0138937495022844,False,False,False,-0.11111111111111116,0,11,-1.0138937495022844,-0.16455696202531642,0,0.11111111111111116,-0.0740813
Poor Experience & Food Hygiene Complaints,2026-07-13,5,4.833333333333333,0.22140372138502043,False,False,False,0.03007518796992481,6,5,0.22140372138502043,0.03448275862068972,0,-0.03007518796992481,-0.07430291
Staff Courtesy & Behaviour,2025-08-18,11,6.75,1.2142857142857142,False,True,False,0.1625000000000001,9,11,1.2142857142857142,0.6296296296296297,0,-0.1625000000000001,-0.0744579
Cleanliness & Restroom Hygiene,2025-10-27,13,9.0,1.4142135623730947,False,False,False,0.05555555555555558,2,13,1.4142135623730947,0.4444444444444444,0,-0.05555555555555558,-0.07540743
Staff Courtesy & Behaviour,2025-11-17,6,8.166666666666666,-1.2579336245387989,False,False,False,0.07291666666666674,9,6,-1.2579336245387989,-0.26530612244897955,0,-0.07291666666666674,-0.0764985
Food Quantity & Value for Money,2025-08-11,25,17.0,0.8728715609439696,False,False,False,-0.1200000000000001,3,25,0.8728715609439696,0.47058823529411764,0,0.1200000000000001,-0.077289574
Food Quantity & Value for Money,2025-09-15,20,22.333333333333332,-1.0801234497346412,False,False,False,0.0385930630190523,3,20,-1.0801234497346412,-0.10447761194029846,0,-0.0385930630190523,-0.07980597
Poor Experience & Food Hygiene Complaints,2026-01-19,5,4.0,0.4385290096535121,False,False,False,0.10407239819004532,6,5,0.4385290096535121,0.25,0,-0.10407239819004532,-0.0808591
Food Quantity & Value for Money,2025-10-27,41,26.333333333333332,1.9347435985051575,False,True,False,-0.0408935326968114,3,41,1.9347435985051575,0.5569620253164558,0,0.0408935326968114,-0.081166424
Slow Service & Staff Negligence,2025-11-03,15,10.166666666666666,1.3026638133042356,False,False,False,0.18131868131868134,8,15,1.3026638133042356,0.47540983606557385,0,-0.18131868131868134,-0.08245175
Ambience & Seating,2026-05-04,5,9.166666666666666,-0.9567385038418029,False,False,False,0.19523809523809543,0,5,-0.9567385038418029,-0.45454545454545453,0,-0.19523809523809543,-0.08275652
Poor Experience & Food Hygiene Complaints,2026-06-22,6,7.333333333333333,-0.226455406828919,False,False,False,0.15714285714285703,6,6,-0.226455406828919,-0.1818181818181818,0,-0.15714285714285703,-0.083290994
Parking & Accessibility,2026-06-08,14,9.0,1.581138830084188,False,True,False,0.19905956112852663,5,14,1.581138830084188,0.5555555555555556,0,-0.19905956112852663,-0.08377156
Slow Service & Staff Negligence,2026-07-27,16,12.666666666666666,0.8951435925492924,False,False,False,0.1285377358490567,8,16,0.8951435925492924,0.26315789473684215,0,-0.1285377358490567,-0.08462625
Poor Experience & Food Hygiene Complaints,2025-08-11,8,4.666666666666667,0.9491579957524989,False,False,False,0.12121212121212133,6,8,0.9491579957524989,0.7142857142857142,0,-0.12121212121212133,-0.08464011
Poor Experience & Food Hygiene Complaints,2025-12-08,3,9.0,-0.5710402407201607,False,False,False,0.19090909090909092,6,3,-0.5710402407201607,-0.6666666666666666,0,-0.19090909090909092,-0.0853419
Billing & Online Ordering Issues,2025-09-22,14,8.166666666666666,1.672364688986238,False,False,False,-0.025454545454545396,1,14,1.672364688986238,0.7142857142857144,0,0.025454545454545396,-0.08550502
Billing & Online Ordering Issues,2025-08-18,10,7.75,0.7027819284987273,False,False,False,0.039682539682539764,1,10,0.7027819284987273,0.2903225806451613,0,-0.039682539682539764,-0.08778618
Service Quality,2026-02-16,9,17.166666666666668,-0.7564106603075975,False,False,False,0.21180555555555558,7,9,-0.7564106603075975,-0.47572815533980584,0,-0.21180555555555558,-0.08839946
Food Quantity & Value for Money,2025-08-18,25,19.0,0.7071067811865476,False,False,False,0.02941176470588225,3,25,0.7071067811865476,0.3157894736842105,0,-0.02941176470588225,-0.090133764
Billing & Online Ordering Issues,2025-12-22,13,7.5,1.4752148971610053,False,False,False,-0.1142857142857141,1,13,1.4752148971610053,0.7333333333333333,0,0.1142857142857141,-0.090752706
Cleanliness & Restroom Hygiene,2025-11-17,47,14.666666666666666,2.0119459104518853,True,True,True,-0.009803921568627416,2,47,2.0119459104518853,2.2045454545454546,1,0.009803921568627416,-0.09287489
Cleanliness & Restroom Hygiene,2026-06-15,6,10.333333333333334,-1.63010205337045,False,False,False,0.0,2,6,-1.63010205337045,-0.41935483870967744,0,-0.0,-0.09345734
Poor Experience & Food Hygiene Complaints,2025-12-22,3,8.666666666666666,-0.5301123076594344,False,False,False,0.32631578947368434,6,3,-0.5301123076594344,-0.6538461538461539,0,-0.32631578947368434,-0.09369165
Cleanliness & Restroom Hygiene,2026-05-11,14,8.166666666666666,1.2989718332941125,False,True,False,-0.09543010752688175,2,14,1.2989718332941125,0.7142857142857144,0,0.09543010752688175,-0.093872376
Service Quality,2025-11-10,13,15.333333333333334,-0.7014042140491773,False,False,False,0.12095490716180368,7,13,-0.7014042140491773,-0.1521739130434783,0,-0.12095490716180368,-0.09624106
Staff Courtesy & Behaviour,2025-10-27,7,7.166666666666667,-0.06711560552140258,False,False,False,0.16666666666666674,9,7,-0.06711560552140258,-0.023255813953488413,0,-0.16666666666666674,-0.09814629
Food Quantity & Value for Money,2026-07-27,17,22.166666666666668,-1.0688384334250514,False,False,False,0.23165554881746497,3,17,-1.0688384334250514,-0.23308270676691734,0,-0.23165554881746497,-0.098249175
Poor Experience & Food Hygiene Complaints,2026-02-23,4,4.5,-0.24112141108520446,False,False,False,-0.6111111111111109,6,4,-0.24112141108520446,-0.1111111111111111,0,0.6111111111111109,-0.09907778
Staff Courtesy & Behaviour,2026-05-18,16,8.833333333333334,1.8777471611536118,False,True,False,0.1651785714285714,9,16,1.8777471611536118,0.8113207547169811,0,-0.1651785714285714,-0.099222645
Slow Service & Staff Negligence,2026-03-23,15,11.333333333333334,1.8646746349572298,False,False,False,0.27642276422764245,8,15,1.8646746349572298,0.3235294117647058,0,-0.27642276422764245,-0.10021525
Staff Courtesy & Behaviour,2025-09-29,8,8.5,-0.193166852321564,False,False,False,0.36877828054298645,9,8,-0.193166852321564,-0.058823529411764705,0,-0.36877828054298645,-0.10354499
Cleanliness & Restroom Hygiene,2026-02-09,11,8.5,0.7789711910621981,False,True,False,0.22943722943722933,2,11,0.7789711910621981,0.29411764705882354,0,-0.22943722943722933,-0.1062143
Poor Experience & Food Hygiene Complaints,2026-05-11,5,9.0,-0.2709141845914385,False,False,False,0.0,6,5,-0.2709141845914385,-0.4444444444444444,0,-0.0,-0.106283784
Food Variety & Fast Service,2025-09-15,10,16.0,-1.4815943949743846,False,False,False,-0.11067193675889331,4,10,-1.4815943949743846,-0.375,0,0.11067193675889331,-0.10764396
Poor Experience & Food Hygiene Complaints,2026-05-18,3,9.333333333333334,-0.43470180772748235,False,False,False,0.007843137254901933,6,3,-0.43470180772748235,-0.6785714285714286,0,-0.007843137254901933,-0.11228023
Staff Courtesy & Behaviour,2026-07-13,5,12.833333333333334,-0.6033381094375281,False,False,False,0.16636029411764697,9,5,-0.6033381094375281,-0.6103896103896104,0,-0.16636029411764697,-0.112367325
Poor Experience & Food Hygiene Complaints,2026-07-20,2,4.333333333333333,-1.7078251276599243,False,False,False,0.06666666666666665,6,2,-1.7078251276599243,-0.5384615384615384,0,-0.06666666666666665,-0.11667392
Ambience & Seating,2025-09-01,7,8.0,-0.31622776601683794,False,False,False,0.13256113256113267,0,7,-0.31622776601683794,-0.125,0,-0.13256113256113267,-0.11999025
Parking & Accessibility,2026-06-01,5,7.833333333333333,-1.38804418757713,False,False,False,0.08872180451127809,5,5,-1.38804418757713,-0.36170212765957444,0,-0.08872180451127809,-0.12037508
Parking & Accessibility,2026-01-05,5,9.5,-1.3756901411604205,False,False,False,0.148558758314856,5,5,-1.3756901411604205,-0.47368421052631576,0,-0.148558758314856,-0.12050151
Poor Experience & Food Hygiene Complaints,2025-09-01,2,3.8333333333333335,-0.7382716607354268,False,False,False,0.3833333333333333,6,2,-0.7382716607354268,-0.4782608695652174,0,-0.3833333333333333,-0.12337631
Cleanliness & Restroom Hygiene,2025-08-11,7,5.333333333333333,0.5773502691896258,False,False,False,0.15555555555555567,2,7,0.5773502691896258,0.31250000000000006,0,-0.15555555555555567,-0.124559015
Poor Experience & Food Hygiene Complaints,2026-02-09,5,5.333333333333333,-0.14256648712804948,False,False,False,0.14130434782608692,6,5,-0.14256648712804948,-0.062499999999999944,0,-0.14130434782608692,-0.12784737
Food Variety & Fast Service,2025-10-20,18,13.833333333333334,1.0236964359734848,False,False,False,0.4025974025974026,4,18,1.0236964359734848,0.3012048192771084,0,-0.4025974025974026,-0.12945692
Parking & Accessibility,2025-10-06,7,10.5,-1.4924050144892722,False,False,False,0.09347826086956523,5,7,-1.4924050144892722,-0.3333333333333333,0,-0.09347826086956523,-0.12964384
Staff Courtesy & Behaviour,2025-12-01,5,7.333333333333333,-1.4288690166235218,False,False,False,-0.013392857142857206,9,5,-1.4288690166235218,-0.3181818181818182,0,0.013392857142857206,-0.13085575
Poor Experience & Food Hygiene Complaints,2026-05-04,3,8.833333333333334,-0.39349197845065453,False,False,False,0.13043478260869557,6,3,-0.39349197845065453,-0.6603773584905661,0,-0.13043478260869557,-0.13218
Billing & Online Ordering Issues,2026-01-05,50,15.333333333333334,2.005943549507195,True,True,True,0.5280999107939339,1,50,2.005943549507195,2.260869565217391,1,-0.5280999107939339,-0.13307337
Food Quantity & Value for Money,2026-01-05,19,22.833333333333332,-1.1175059915592889,False,False,False,0.14144736842105265,3,19,-1.1175059915592889,-0.16788321167883208,0,-0.14144736842105265,-0.1353812
Billing & Online Ordering Issues,2025-08-11,9,7.0,0.5773502691896258,False,False,False,0.3728070175438596,1,9,0.5773502691896258,0.2857142857142857,0,-0.3728070175438596,-0.13618876
Parking & Accessibility,2025-11-10,18,10.833333333333334,1.7002556552790278,False,True,False,0.10555555555555562,5,18,1.7002556552790278,0.6615384615384614,0,-0.10555555555555562,-0.13644339
Poor Experience & Food Hygiene Complaints,2025-09-15,6,4.5,0.6918984060216639,False,False,False,0.17582417582417564,6,6,0.6918984060216639,0.3333333333333333,0,-0.17582417582417564,-0.141692
Cleanliness & Restroom Hygiene,2025-08-25,9,5.6,1.1461397661875117,False,False,False,0.2514619883040934,2,9,1.1461397661875117,0.6071428571428572,0,-0.2514619883040934,-0.1460643
Poor Experience & Food Hygiene Complaints,2025-08-25,4,4.2,-0.07726674092862565,False,False,False,0.2549019607843137,6,4,-0.07726674092862565,-0.04761904761904766,0,-0.2549019607843137,-0.14656973
Poor Experience & Food Hygiene Complaints,2026-06-08,5,7.0,-0.3296902366978934,False,False,False,0.3366013071895424,6,5,-0.3296902366978934,-0.2857142857142857,0,-0.3366013071895424,-0.14851542
Poor Experience & Food Hygiene Complaints,2026-01-26,8,5.0,1.1858541225631374,False,False,False,0.32631578947368434,6,8,1.1858541225631374,0.6,0,-0.32631578947368434,-0.15373585
Poor Experience & Food Hygiene Complaints,2026-03-09,5,3.5,1.0882143751649997,False,False,False,0.16666666666666674,6,5,1.0882143751649997,0.42857142857142855,0,-0.16666666666666674,-0.15889294
Cleanliness & Restroom Hygiene,2025-12-29,11,6.5,1.4599927901768692,False,False,False,0.3194444444444444,2,11,1.4599927901768692,0.6923076923076923,0,-0.3194444444444444,-0.16050582
Billing & Online Ordering Issues,2025-12-29,7,8.0,-0.2988071523335984,False,False,False,0.49022556390977456,1,7,-0.2988071523335984,-0.125,0,-0.49022556390977456,-0.1616867
Billing & Online Ordering Issues,2026-06-15,11,13.0,-0.2004012040140507,False,False,False,0.6226685796269726,1,11,-0.2004012040140507,-0.15384615384615385,0,-0.6226685796269726,-0.16700089
Food Variety & Fast Service,2025-11-03,38,22.666666666666668,1.2377403436961139,False,True,False,0.12330859886512435,4,38,1.2377403436961139,0.676470588235294,0,-0.12330859886512435,-0.16731828
Cleanliness & Restroom Hygiene,2025-12-15,3,12.5,-0.5575708843530077,False,False,False,0.1623134328358209,2,3,-0.5575708843530077,-0.76,0,-0.1623134328358209,-0.17994949
Poor Experience & Food Hygiene Complaints,2026-04-27,4,9.0,-0.33895384034165027,False,False,False,0.20186335403726696,6,4,-0.33895384034165027,-0.5555555555555556,0,-0.20186335403726696,-0.18129635
Poor Experience & Food Hygiene Complaints,2025-10-27,5,3.5,0.5795005569646917,False,False,False,0.23809523809523814,6,5,0.5795005569646917,0.42857142857142855,0,-0.23809523809523814,-0.18945059
Food Variety & Fast Service,2026-06-29,38,23.666666666666668,1.1540142007657448,False,True,False,0.18315018315018317,4,38,1.1540142007657448,0.6056338028169014,0,-0.18315018315018317,-0.19241874
Poor Experience & Food Hygiene Complaints,2026-03-23,4,3.1666666666666665,0.5661385170722896,False,False,False,0.20833333333333326,6,4,0.5661385170722896,0.26315789473684215,0,-0.20833333333333326,-0.19345146
Food Variety & Fast Service,2026-06-08,41,20.166666666666668,1.9532203744171281,False,True,False,0.007654455986878084,4,41,1.9532203744171281,1.0330578512396693,0,-0.007654455986878084,-0.1994622
Billing & Online Ordering Issues,2025-12-15,11,6.166666666666667,1.8311934735248652,False,False,False,-0.10119047619047628,1,11,1.8311934735248652,0.7837837837837837,0,0.10119047619047628,-0.20126005
Staff Courtesy & Behaviour,2025-09-22,4,9.0,-1.8136906252750293,False,False,False,0.25,9,4,-1.8136906252750293,-0.5555555555555556,0,-0.25,-0.20438848
Food Quantity & Value for Money,2026-07-20,30,22.5,1.6812593987333204,False,False,False,0.16551212271152882,3,30,1.6812593987333204,0.3333333333333333,0,-0.16551212271152882,-0.20975302
Cleanliness & Restroom Hygiene,2025-12-22,5,12.5,-0.4401875402786903,False,False,False,0.46467391304347827,2,5,-0.4401875402786903,-0.6,0,-0.46467391304347827,-0.22645713
Ambience & Seating,2026-01-19,29,14.166666666666666,1.8997328426220816,False,True,False,0.17749160134378505,0,29,1.8997328426220816,1.0470588235294118,0,-0.17749160134378505,-0.23612033
Ambience & Seating,2026-07-06,6,10.5,-1.6888199063418032,False,False,False,0.2577639751552794,0,6,-1.6888199063418032,-0.42857142857142855,0,-0.2577639751552794,-0.23696862
Cleanliness & Restroom Hygiene,2026-02-02,3,8.5,-1.7137366203368358,False,False,False,0.2722007722007722,2,3,-1.7137366203368358,-0.6470588235294118,0,-0.2722007722007722,-0.23830783
Poor Experience & Food Hygiene Complaints,2025-12-15,2,8.5,-0.6016971142604393,False,False,False,0.3294117647058823,6,2,-0.6016971142604393,-0.7647058823529411,0,-0.3294117647058823,-0.25368485
Staff Courtesy & Behaviour,2025-12-15,3,6.833333333333333,-1.4959052966395914,False,False,False,-0.47335423197492155,9,3,-1.4959052966395914,-0.5609756097560975,0,0.47335423197492155,-0.26148033
Billing & Online Ordering Issues,2026-05-11,33,15.166666666666666,1.565492361122842,False,True,False,-0.40717948717948715,1,33,1.565492361122842,1.175824175824176,0,0.40717948717948715,-0.27769792
Parking & Accessibility,2026-04-06,5,8.666666666666666,-1.420093893609384,False,False,False,0.3500000000000001,5,5,-1.420093893609384,-0.423076923076923,0,-0.3500000000000001,-0.2963635
Billing & Online Ordering Issues,2025-10-27,4,9.333333333333334,-1.4533448390255193,False,False,False,0.3859649122807016,1,4,-1.4533448390255193,-0.5714285714285715,0,-0.3859649122807016,-0.29735863
Slow Service & Staff Negligence,2025-10-20,5,9.166666666666666,-1.4580296087995106,False,True,False,0.09459459459459452,8,5,-1.4580296087995106,-0.45454545454545453,0,-0.09459459459459452,-0.31555545
Food Quantity & Value for Money,2026-03-23,55,25.333333333333332,1.9618568780894539,False,True,False,-0.012446657183499354,3,55,1.9618568780894539,1.1710526315789476,0,0.012446657183499354,-0.33041453
Billing & Online Ordering Issues,2025-09-08,4,7.666666666666667,-1.628959413837504,False,False,False,-0.21212121212121215,1,4,-1.628959413837504,-0.4782608695652174,0,0.21212121212121215,-0.36811247
Billing & Online Ordering Issues,2026-05-04,26,11.0,2.0116566779468275,True,True,True,0.36440677966101687,1,26,2.0116566779468275,1.3636363636363635,1,-0.36440677966101687,-0.36909816
Food Variety & Fast Service,2025-10-27,38,18.5,1.9093803867144186,False,True,False,0.5096491228070175,4,38,1.9093803867144186,1.054054054054054,0,-0.5096491228070175,-0.38747838
Service Quality,2026-04-13,13,15.333333333333334,-1.4288690166235154,False,False,False,0.4426229508196722,7,13,-1.4288690166235154,-0.1521739130434783,0,-0.4426229508196722,-0.38938227
Food Quantity & Value for Money,2025-11-24,54,30.0,1.678691131177598,False,True,False,0.5050807712350183,3,54,1.678691131177598,0.8,0,-0.5050807712350183,-0.40618908
Food Variety & Fast Service,2026-04-20,9,16.5,-1.6646128560692788,False,False,False,0.5643382352941178,4,9,-1.6646128560692788,-0.45454545454545453,0,-0.5643382352941178,-0.43688694
Billing & Online Ordering Issues,2026-04-27,6,8.333333333333334,-1.549826049695192,False,False,False,0.6893382352941178,1,6,-1.549826049695192,-0.28,0,-0.6893382352941178,-0.47075322
Food Variety & Fast Service,2026-04-27,55,22.0,1.9921493147172178,False,True,False,0.5244292237442925,4,55,1.9921493147172178,1.5,0,-0.5244292237442925,-0.5324549
Billing & Online Ordering Issues,2026-06-22,30,12.5,1.9930163414994353,False,True,False,0.6923076923076923,1,30,1.9930163414994353,1.4,0,-0.6923076923076923,-0.6414133
Cleanliness & Restroom Hygiene,2026-03-16,34,11.833333333333334,1.9860924890992484,False,True,False,0.8643724696356276,2,34,1.9860924890992484,1.873239436619718,0,-0.8643724696356276,-0.69130325
